generation,best_score,mean_score,median_score,elite_median_score,worst_score,best_turns,median_turns,worst_turns,best_food_eaten,best_sc_survival,best_sc_towards,best_sc_against,best_sc_ate,best_sc_bomb
1,2438.7933,448.0894,393.03,1014.1667,-0.68,10262,1576.0,3,145.33333333333334,307.86,3049.167,-832.733,726.667,-812.167
2,1242.4533,333.1964,289.1767,378.5533,-0.4467,5600,1131.3,3,77.66666666666667,157.92,1545.0,-434.8,388.333,-414.0
3,1880.6833,409.9545,282.455,601.34,-0.51,8362,1295.2,3,112.0,250.85,2431.667,-699.667,560.0,-662.167
4,2264.01,503.3488,358.3783,552.0217,-0.51,9394,1114.5,3,126.66666666666667,281.81,2836.5,-744.133,633.333,-743.5
5,1693.3167,386.1877,249.28,779.8917,-0.51,7178,1169.7,3,91.66666666666667,215.35,2162.0,-570.867,458.333,-571.5
6,1643.92,435.3367,422.1117,674.035,-0.51,6924,1709.3,3,92.33333333333333,207.72,2077.5,-553.8,461.667,-549.167
7,1684.52,457.2802,388.2033,712.2067,-0.0433,7097,1644.0,3,99.0,212.92,2111.833,-574.733,495.0,-560.5
8,3527.1267,677.8887,566.65,626.2833,-0.9633,14412,2311.7,3,199.66666666666666,432.36,4370.0,-1134.4,998.333,-1139.167
9,1775.79,484.3296,514.2667,670.22,-1.0733,7596,2129.2,3,103.66666666666667,227.89,2250.0,-619.267,518.333,-601.167
10,1725.2567,519.1131,493.4133,546.4567,-0.68,6946,2124.3,3,99.0,208.39,2114.5,-543.467,495.0,-549.167
11,1741.2933,418.8457,354.2283,622.4983,-0.55,7232,1519.0,3,100.33333333333333,216.96,2172.667,-577.333,501.667,-572.667
12,1654.21,503.9277,447.6517,700.8917,-0.51,6470,2055.5,3,95.66666666666667,194.11,1990.833,-497.733,478.333,-511.333
13,1490.69,404.8115,273.1033,635.2983,-0.7867,6020,1130.7,3,104.33333333333333,147.49,1554.5,-361.467,521.667,-371.5
14,2230.7333,479.6589,390.6983,750.04,-0.51,9680,1670.5,3,127.33333333333333,290.4,2863.333,-790.667,636.667,-769.0
15,1804.8867,267.2013,128.3667,589.42,-0.51,8137,700.5,3,114.66666666666667,244.12,2326.833,-696.733,573.333,-642.667
16,1883.6667,468.2787,333.6317,625.995,-0.2767,8064,1402.0,3,104.33333333333333,234.2,2362.0,-616.533,521.667,-617.667
17,1879.34,434.3804,288.845,970.555,-0.56,7835,1395.7,3,111.66666666666667,235.04,2336.833,-632.2,558.333,-618.667
18,1388.9367,381.3287,214.32,481.105,-0.0433,5676,986.7,3,79.0,170.27,1720.333,-447.0,395.0,-449.667
19,2733.0,452.8303,333.6733,488.7367,-0.2767,10770,1354.8,3,167.0,323.1,3267.667,-846.933,835.0,-845.833
20,1598.7067,354.1358,194.8717,659.6233,-0.56,6545,845.0,3,91.33333333333333,196.34,1979.5,-517.133,456.667,-516.667
21,1689.9067,459.4539,404.7967,632.4667,-0.47,6771,1709.3,3,99.0,203.14,2057.167,-531.4,495.0,-534.0
22,2214.36,472.3411,346.72,731.215,-0.51,9029,1454.0,3,125.33333333333333,270.86,2739.333,-710.0,626.667,-712.5
23,2470.3467,654.7439,586.505,530.445,-0.51,9976,2539.3,3,145.33333333333334,299.28,3018.167,-787.933,726.667,-785.833
24,1512.1933,455.7241,374.3217,966.385,-0.51,6155,1696.8,3,82.33333333333333,184.66,1882.333,-478.133,411.667,-488.333
25,2229.5933,465.0687,273.8083,754.4883,-0.51,9105,1261.5,3,127.33333333333333,273.16,2757.5,-718.067,636.667,-719.667
26,1963.63,503.8117,389.4283,862.4333,-0.07,8081,1810.3,3,114.0,242.43,2432.667,-643.133,570.0,-638.333
27,2345.5533,508.9249,446.4533,777.31,-0.4967,9414,1826.3,3,141.33333333333334,282.42,2844.0,-745.2,706.667,-742.333
28,2335.0267,624.2327,486.7517,897.9067,-0.51,10439,2104.5,3,147.0,313.16,2999.0,-888.133,735.0,-824.0
29,2681.2333,484.8439,402.0567,515.8333,-0.6167,10760,1671.5,3,156.33333333333334,322.8,3270.667,-843.733,781.667,-850.167
30,1556.8433,511.9701,433.0733,912.705,-0.6467,6464,1609.2,3,85.0,193.91,1959.167,-509.067,425.0,-512.167
31,2761.0633,374.1099,263.3733,612.3817,-0.51,11441,1213.3,3,166.66666666666666,343.23,3409.667,-924.333,833.333,-900.833
32,2321.12,547.5489,399.6067,747.8233,-0.51,10597,1639.7,3,145.0,317.92,3025.833,-909.133,725.0,-838.5
33,2228.5133,578.9272,568.2783,734.485,-0.6233,9513,2337.3,3,128.33333333333334,285.38,2825.833,-772.2,641.667,-752.167
34,2113.57,410.6787,284.9283,721.775,-0.7367,8756,1384.0,3,117.66666666666667,262.67,2649.667,-691.267,588.333,-695.833
35,2633.84,590.0799,486.415,873.0733,-0.7367,10915,2100.8,3,155.33333333333334,327.44,3267.5,-875.933,776.667,-861.833
36,2056.6233,412.8885,247.795,608.34,-0.51,8300,1034.8,3,118.66666666666667,248.99,2521.0,-651.533,593.333,-655.167
37,3206.7333,540.6503,360.5817,689.455,2.0167,12807,1695.7,10,190.0,384.2,3888.833,-1005.8,950.0,-1010.5
38,1528.53,542.8911,488.1383,859.6833,-0.51,6571,2188.3,3,93.33333333333333,197.13,1927.333,-543.267,466.667,-519.333
39,3584.6933,627.7107,435.5733,623.8167,-0.7233,14689,1854.7,3,201.66666666666666,440.66,4454.833,-1155.8,1008.333,-1163.333
40,2443.81,563.2176,383.0517,912.2083,-0.51,10420,1622.3,3,144.66666666666666,312.61,3082.333,-851.133,723.333,-823.333
41,2542.4767,584.5985,365.4783,1279.9917,-0.2767,10167,1643.0,3,145.66666666666666,305.01,3103.833,-791.867,728.333,-802.833
42,2630.1433,562.4653,321.5383,1037.2967,-0.0433,11287,1517.5,3,150.0,338.61,3351.5,-916.8,750.0,-893.167
43,2781.4367,475.4321,313.1633,746.7533,-0.51,11269,1361.7,3,155.33333333333334,338.07,3435.0,-879.8,776.667,-888.5
44,2088.7067,486.0366,324.4767,533.4217,-0.51,8518,1423.7,3,123.33333333333333,255.54,2566.5,-677.0,616.667,-673.0
45,2400.33,413.6059,318.9933,508.725,-0.56,9621,1433.3,3,142.33333333333334,288.63,2916.833,-757.467,711.667,-759.333
46,2130.8167,513.3442,384.005,992.365,-1.0,8628,1733.5,3,126.66666666666667,258.85,2603.667,-684.2,633.333,-680.833
47,2092.16,453.4346,236.3117,1022.0983,-0.5033,8592,999.8,3,118.66666666666667,257.76,2599.5,-678.6,593.333,-679.833
48,1271.17,401.5997,327.9567,654.3583,-0.9067,4982,1557.8,3,74.33333333333333,149.47,1529.167,-384.8,371.667,-394.333
49,2577.0767,511.3015,197.2533,557.2317,-0.51,10604,879.3,3,146.66666666666666,318.11,3204.667,-838.867,733.333,-840.167
50,1634.1233,412.5776,220.7117,701.48,0.19,6470,1075.0,3,91.66666666666667,194.09,1990.333,-497.8,458.333,-510.833
51,2158.67,417.5971,165.9283,815.5983,-0.51,9009,801.7,3,116.66666666666667,270.27,2729.667,-709.933,583.333,-714.667
52,1925.9967,494.0992,367.6683,912.3733,-0.51,7634,1517.8,3,114.0,229.03,2325.0,-596.867,570.0,-601.167
53,2063.4767,472.9541,350.155,1000.2283,-0.3833,8430,1504.0,3,115.66666666666667,252.91,2562.0,-661.267,578.333,-668.5
54,3098.08,463.9175,191.5667,996.62,-0.51,12586,1073.8,3,173.66666666666666,377.58,3833.0,-984.0,868.333,-996.833
55,1840.5,474.4735,350.8917,792.3617,1.25,8353,1339.2,5,115.66666666666667,250.6,2389.333,-714.933,578.333,-662.833
56,1752.7333,503.4172,448.9617,904.27,-0.51,7250,1730.7,3,100.0,217.5,2186.0,-575.6,500.0,-575.167
57,2169.6667,527.2687,468.1983,843.9033,-1.2433,8760,2241.8,3,123.66666666666667,262.8,2668.0,-684.8,618.333,-694.667
58,1834.9867,341.7265,99.7717,501.48,-0.68,7364,474.3,3,106.0,220.92,2240.5,-576.6,530.0,-579.833
59,2186.19,447.8689,349.8583,699.8733,-0.51,8936,1490.5,3,123.0,268.09,2713.833,-701.733,615.0,-709.0
60,2677.36,545.7782,408.5033,488.2983,-0.7367,10852,1674.0,3,156.0,325.56,3284.667,-856.533,780.0,-856.333
61,3648.31,584.1421,427.17,923.23,-0.51,14714,1721.7,3,210.0,441.41,4470.333,-1154.6,1050.0,-1158.833
62,2180.1867,576.412,478.1383,826.6417,-0.51,9047,2149.5,3,121.66666666666667,271.42,2734.333,-715.733,608.333,-718.167
63,1729.3467,445.3112,350.825,564.405,-0.51,7436,1559.0,3,101.33333333333333,223.08,2197.0,-608.4,506.667,-589.0
64,2546.7967,567.1075,353.4817,1241.1767,-0.6967,10268,1673.8,3,146.66666666666666,308.03,3122.833,-804.4,733.333,-813.0
65,2171.6633,563.2885,574.9083,943.7867,-0.51,9601,2395.5,3,121.33333333333333,288.03,2829.167,-788.533,606.667,-763.667
66,2435.58,617.9366,383.41,881.3717,-1.0733,10333,1818.5,3,146.0,309.98,3055.333,-844.4,730.0,-815.333
67,1821.3267,485.842,412.315,1034.89,-0.51,7629,1852.2,3,114.0,228.86,2249.667,-625.867,570.0,-601.333
68,1436.86,421.737,194.48,517.615,-0.51,5912,895.7,3,85.66666666666667,177.36,1771.833,-473.667,428.333,-467.0
69,2655.8233,546.8675,195.3983,1086.405,-0.51,10543,1141.5,3,157.66666666666666,316.29,3206.167,-826.133,788.333,-828.833
70,2522.8867,454.1269,170.2417,982.0433,-0.51,10117,803.0,3,145.66666666666666,303.52,3080.833,-791.133,728.333,-798.667
71,2152.0833,503.8195,342.1633,633.2867,-0.51,9685,1584.8,3,125.33333333333333,290.55,2815.5,-810.8,626.667,-769.833
72,2348.9867,359.1141,90.1617,837.34,-0.7367,9471,556.5,3,132.0,284.12,2890.0,-738.133,660.0,-747.0
73,2121.2567,525.6551,313.545,774.4383,-0.51,8638,1277.5,3,122.33333333333333,256.19,2597.5,-668.933,611.667,-675.167
74,2073.46,466.4767,144.0133,1483.84,-0.51,8285,647.0,3,124.66666666666667,248.56,2507.0,-654.267,623.333,-651.167
75,1601.7267,415.009,287.02,818.7517,-0.1433,7185,1141.0,6,94.66666666666667,215.56,2086.0,-602.667,473.333,-570.5
76,3232.9967,671.8948,509.115,913.69,-0.51,12961,2135.5,3,190.33333333333334,388.83,3932.167,-1019.333,951.667,-1020.333
77,2305.5967,492.1055,362.7733,557.5433,-0.7133,9291,1601.7,3,131.66666666666666,278.73,2828.5,-726.8,658.333,-733.167
78,1529.55,449.734,412.0267,695.77,-0.85,6288,1610.8,3,84.66666666666667,188.65,1907.667,-494.6,423.333,-495.5
79,2568.08,485.5587,233.825,1386.435,-0.51,10576,1162.5,3,142.33333333333334,317.28,3207.5,-832.2,711.667,-836.167
80,2901.3333,464.9454,262.6133,596.8933,-0.51,12553,1258.2,3,164.66666666666666,376.6,3719.333,-1022.933,823.333,-995.0
81,2334.0767,601.7088,511.3067,1193.4417,-0.06,10254,2051.3,4,142.33333333333334,307.61,2983.833,-857.2,711.667,-811.833
82,4294.1233,577.7459,350.7983,747.925,-0.51,18533,1474.8,3,272.6666666666667,555.99,5389.333,-1550.867,1363.333,-1463.667
83,2256.1167,453.0517,287.7633,845.8233,-0.3833,9835,1123.8,5,125.66666666666667,295.05,2915.167,-800.933,628.333,-781.5
84,3807.65,595.4331,407.3617,915.9,-0.51,15495,1712.7,3,222.33333333333334,464.85,4682.0,-1226.2,1111.667,-1224.667
85,1583.39,407.2425,345.3267,693.4667,-0.68,7120,1331.5,3,97.33333333333333,213.59,2050.167,-603.867,486.667,-563.167
86,2748.7233,438.0449,301.6317,821.295,-0.51,11233,1210.0,3,154.0,336.99,3412.5,-881.6,770.0,-889.167
87,1724.8233,467.2295,288.6083,619.73,-0.51,7606,1302.2,3,102.33333333333333,228.19,2221.0,-632.867,511.667,-603.167
88,1790.88,558.6875,515.0,872.3233,-0.51,7297,2131.2,3,110.33333333333333,209.58,2125.833,-546.867,551.667,-549.333
89,1543.4833,577.3091,517.01,891.1867,-0.51,7055,2055.2,3,87.0,211.65,2049.167,-591.333,435.0,-561.0
90,2132.3733,496.8347,448.5133,770.855,-0.1433,8755,1899.5,7,122.0,262.64,2645.0,-692.933,610.0,-692.333
91,2420.6767,509.1498,289.2383,1233.0267,0.19,9817,1251.8,3,141.66666666666666,294.51,2969.333,-775.667,708.333,-775.833
92,1815.0767,407.4553,235.145,697.0733,-0.51,7510,1038.3,3,104.0,225.31,2260.833,-597.733,520.0,-593.333
93,1972.0033,402.6117,217.9067,686.0433,-0.51,7962,956.3,3,113.33333333333333,238.87,2419.833,-624.533,566.667,-628.833
94,1721.32,512.4684,463.0867,810.3033,-0.7933,7091,2018.0,5,99.66666666666667,212.72,2134.333,-564.4,498.333,-559.667
95,2300.59,488.8729,255.7167,791.4117,-0.51,9413,1278.5,3,137.0,282.39,2827.833,-751.467,685.0,-743.167
96,2153.2767,491.6864,331.8183,973.53,-0.51,8890,1496.2,3,119.0,266.71,2697.0,-699.267,595.0,-706.167
97,1323.22,421.0753,282.6383,863.2083,-0.72,5711,1400.8,4,76.33333333333333,171.32,1688.833,-466.6,381.667,-452.0
98,2265.1633,536.1537,386.1917,916.365,-0.51,9278,1640.8,3,127.0,278.33,2815.5,-729.333,635.0,-734.333
99,2296.3567,535.5981,359.625,756.675,-0.51,9596,1743.8,3,128.66666666666666,287.89,2887.667,-764.2,643.333,-758.333
100,1958.3233,486.5268,208.2517,806.04,-0.7933,8283,891.3,3,116.33333333333333,248.49,2457.333,-673.667,581.667,-655.5
101,1643.8033,432.4375,275.74,826.9933,-0.51,7049,1251.5,3,96.33333333333333,211.47,2083.667,-576.333,481.667,-556.667
102,2659.4633,473.525,176.08,988.3267,-0.51,11938,708.7,3,155.0,358.13,3471.333,-999.0,775.0,-946.0
103,2389.1467,619.5509,376.7383,988.6583,-0.51,10446,1578.5,3,136.66666666666666,313.38,3080.333,-857.067,683.333,-830.833
104,2153.2033,535.0502,306.2,818.9117,-0.51,9572,1372.2,3,126.33333333333333,287.17,2791.667,-797.8,631.667,-759.5
105,1299.65,415.715,299.38,540.6583,-1.02,5792,1264.8,3,76.0,173.75,1688.5,-482.933,380.0,-459.667
106,2845.4033,556.6531,318.13,644.3867,-0.51,11572,1575.7,3,170.0,347.17,3482.167,-921.6,850.0,-912.333
107,2046.8333,487.0775,329.74,721.84,-0.51,8737,1472.7,3,119.66666666666667,262.1,2591.0,-710.933,598.333,-693.667
108,2607.9433,567.0079,304.665,1002.6317,-0.6233,10584,1312.2,4,153.0,317.51,3198.333,-837.4,765.0,-835.5
109,2256.4533,530.3697,420.7983,867.9433,-0.51,9781,1893.0,3,141.0,293.42,2845.833,-817.8,705.0,-770.0
110,3468.15,581.535,502.3233,791.4983,-0.51,15668,2088.0,3,202.0,470.05,4546.5,-1315.067,1010.0,-1243.333
111,2363.8067,425.1299,249.88,608.6817,-0.85,10305,1119.0,3,145.66666666666666,309.14,3001.5,-860.333,728.333,-814.833
112,1791.1,470.0407,420.07,671.0267,-0.51,7697,1824.8,3,113.0,230.9,2243.0,-642.133,565.0,-605.667
113,1895.3933,509.3165,306.2717,874.4583,-0.51,8242,1361.5,3,107.66666666666667,247.26,2437.167,-673.533,538.333,-653.833
114,2235.8,470.9925,324.6783,913.67,-0.2767,8857,1413.3,3,131.33333333333334,265.7,2702.333,-690.4,656.667,-698.5
115,2343.4333,447.2071,293.9083,870.5017,-0.51,10195,1129.7,3,151.0,303.7,2932.667,-851.6,755.0,-796.333
116,1998.5133,354.0455,75.8917,650.2367,-0.51,8143,449.2,3,114.66666666666667,244.28,2465.667,-642.267,573.333,-642.5
117,2123.4067,419.7559,111.245,869.0683,-0.0433,9155,609.8,3,125.66666666666667,274.64,2697.167,-752.067,628.333,-724.667
118,1657.1267,391.1078,111.3883,1043.9417,-0.85,6591,624.5,3,104.33333333333333,193.76,1957.333,-508.8,521.667,-506.833
119,2813.71,604.5953,375.0683,1031.51,-0.7933,12890,2092.2,3,173.33333333333334,386.71,3685.167,-1104.0,866.667,-1020.833
120,1540.3633,495.7221,239.2983,734.58,-0.51,6588,1083.3,3,96.33333333333333,197.63,1927.333,-546.6,481.667,-519.667
121,1704.51,484.2907,359.27,941.5217,-0.85,7230,1553.3,3,98.66666666666667,216.91,2151.667,-585.4,493.333,-572.0
122,1911.21,379.9385,140.5933,837.3883,-0.51,7977,745.7,3,115.0,239.31,2372.0,-646.6,575.0,-628.5
123,2721.9767,483.4678,224.22,517.8133,-0.51,11060,1128.0,3,163.0,331.81,3328.5,-880.667,815.0,-872.667
124,2354.7433,618.4077,409.025,888.1617,-1.0433,9981,1717.3,3,144.0,282.91,2842.667,-749.0,720.0,-741.833
125,1511.4367,497.9895,501.595,586.6433,-0.51,6309,2002.7,3,84.33333333333333,189.27,1901.167,-501.333,421.667,-499.333
126,2222.09,367.0347,119.5817,799.4233,-0.7367,8280,613.2,3,133.33333333333334,248.39,2579.5,-624.133,666.667,-648.333
127,2045.84,412.2273,190.55,683.525,0.4233,8285,776.5,3,122.0,248.54,2497.667,-657.867,610.0,-652.5
128,3129.0733,708.4123,521.3117,1119.595,-0.2767,12938,2258.2,3,177.0,388.14,3905.5,-1025.4,885.0,-1024.167
129,1926.7367,474.6541,366.6767,777.4,-0.3733,8666,1537.7,3,109.33333333333333,259.97,2531.0,-720.733,546.667,-690.167
130,3019.06,511.4257,224.1,697.3367,-0.7833,12455,1000.0,3,171.33333333333334,373.66,3759.5,-987.267,856.667,-983.5
131,2230.13,494.2003,352.895,823.7,-0.51,9614,1521.2,3,127.33333333333333,288.43,2850.167,-782.8,636.667,-762.333
132,1858.0,379.7271,218.4033,817.1767,-0.51,7877,933.3,3,109.0,236.3,2338.0,-640.133,545.0,-621.167
133,2808.09,467.0987,344.2283,632.3667,-0.51,11503,1443.2,3,164.33333333333334,345.09,3464.833,-914.667,821.667,-908.833
134,2021.69,493.2325,302.1433,892.0783,-1.27,8440,1510.7,3,116.66666666666667,253.19,2529.833,-676.0,583.333,-668.667
135,2336.0033,409.3383,216.73,631.0567,-0.7367,9526,705.0,3,139.33333333333334,285.77,2864.667,-759.267,696.667,-751.833
136,2259.2633,427.0584,145.4133,605.42,-0.68,9318,706.0,3,140.0,279.53,2769.833,-755.6,700.0,-734.5
137,2294.3367,486.8201,324.9367,801.4417,-0.68,10012,1387.3,3,139.66666666666666,300.37,2922.333,-833.533,698.333,-793.167
138,2017.92,504.049,283.1033,852.435,-1.2433,8717,1259.0,3,120.66666666666667,261.52,2561.333,-718.933,603.333,-689.333
139,2346.8967,426.0194,383.5367,1074.595,-0.51,10031,1567.3,3,135.33333333333334,300.93,2978.333,-814.867,676.667,-794.167
140,1614.4433,498.3685,405.98,890.6817,-0.51,6894,1846.0,3,99.0,206.81,2025.5,-568.533,495.0,-544.333
141,2019.5,502.6112,100.6883,1384.55,-0.51,9027,553.5,3,113.66666666666667,270.8,2644.667,-747.467,568.333,-716.833
142,1728.79,406.1577,152.96,1104.07,-0.7933,6763,876.8,3,104.66666666666667,202.89,2061.667,-527.933,523.333,-531.167
143,1774.0067,452.9777,276.7117,1021.57,-0.1433,7075,1308.7,6,106.33333333333333,212.24,2144.667,-557.067,531.667,-557.5
144,1872.3633,399.6905,304.1483,533.9317,-0.51,7744,1434.2,3,115.0,232.33,2302.667,-627.8,575.0,-609.833
145,2595.4733,442.7944,190.895,528.485,-0.51,10515,910.0,3,149.66666666666666,315.44,3191.167,-826.467,748.333,-833.0
146,1611.0267,456.8146,379.2433,689.49,-0.7367,6909,1575.7,3,95.66666666666667,207.26,2039.167,-566.067,478.333,-547.667
147,1406.41,504.5608,507.3617,664.2783,-0.51,6094,2223.0,3,81.33333333333333,182.81,1799.167,-499.067,406.667,-483.167
148,1743.9833,544.0447,443.7267,984.6483,-0.51,7702,1846.3,3,100.0,214.35,2160.333,-564.867,500.0,-565.833
149,2080.6733,530.3533,390.6667,454.1117,-0.51,8648,1652.3,3,116.0,259.44,2612.5,-684.6,580.0,-686.667
150,2938.7967,428.2021,299.0483,1006.2067,-0.51,13338,1114.5,3,181.66666666666666,400.13,3824.667,-1137.667,908.333,-1056.667
151,1625.8333,428.2657,240.16,660.255,-0.7367,6700,1158.7,3,100.66666666666667,201.0,1992.5,-543.0,503.333,-528.0
152,1994.2767,390.1451,267.8917,476.0867,1.6233,8107,1111.5,3,116.0,243.21,2452.0,-640.6,580.0,-640.333
153,2997.6133,432.6985,90.3767,981.565,-0.51,12279,336.5,3,160.33333333333334,368.38,3756.5,-953.267,801.667,-975.667
154,2481.8767,358.0998,85.87,614.96,-0.51,10877,468.0,3,143.33333333333334,326.31,3197.833,-896.267,716.667,-862.667
155,2298.58,426.0949,257.29,862.185,-0.9633,9679,1182.0,3,137.0,290.38,2874.333,-786.133,685.0,-765.0
156,2055.7333,550.5446,398.09,1164.9033,-0.2767,8437,1618.3,3,119.0,253.1,2544.5,-669.533,595.0,-667.333
157,2255.0267,463.0072,251.965,672.535,-0.51,9155,1273.2,3,129.66666666666666,274.66,2775.667,-720.8,648.333,-722.833
158,1862.82,418.2539,286.74,684.34,-0.51,7834,1270.8,3,112.66666666666667,235.02,2322.333,-637.867,563.333,-620.0
159,1794.0733,378.1103,209.06,728.9567,-0.0433,7468,1048.8,3,105.33333333333333,224.04,2233.667,-600.133,526.667,-590.167
160,1654.75,430.5585,105.3433,1001.9933,-0.51,6955,610.3,3,99.33333333333333,208.65,2063.167,-565.733,496.667,-548.0
161,3396.8333,515.9584,324.6767,520.5867,-0.68,14220,1440.7,3,205.66666666666666,426.6,4219.333,-1156.267,1028.333,-1121.167
162,3088.3667,520.5799,268.155,1103.2183,-0.51,12510,1094.5,3,180.0,375.3,3787.667,-986.933,900.0,-987.667
163,1938.1567,450.2326,341.33,904.5517,-0.6233,7780,1514.3,3,113.33333333333333,233.39,2362.167,-611.067,566.667,-613.0
164,1589.1067,454.9967,308.465,910.425,-0.2767,6851,1565.5,3,90.0,205.54,2034.167,-556.6,450.0,-544.0
165,2124.3167,481.1545,255.1267,776.6633,-0.51,8625,1210.8,3,126.66666666666667,258.75,2598.5,-685.6,633.333,-680.667
166,1214.0967,319.1545,161.3617,546.2867,-1.47,5364,741.5,3,72.33333333333333,160.93,1563.833,-447.333,361.667,-425.0
167,2630.23,365.0067,87.3917,770.9967,-0.68,11634,574.2,4,149.0,349.03,3420.167,-958.8,745.0,-925.167
168,2312.6533,447.0326,143.265,810.7817,-0.51,10164,758.8,3,133.0,304.92,2988.833,-837.267,665.0,-808.833
169,2045.09,451.8909,328.4583,642.935,-0.7,9190,1339.7,7,117.0,275.69,2680.833,-765.6,585.0,-730.833
170,1850.9133,384.4899,266.8967,781.1467,-0.85,7756,1162.5,3,109.33333333333333,232.68,2310.667,-626.933,546.667,-612.167
171,1925.8867,471.404,280.0933,687.4983,-0.2767,8507,1411.8,3,111.33333333333333,255.22,2492.0,-704.667,556.667,-673.333
172,2653.5767,514.0669,393.62,975.3217,-0.4967,11067,1920.8,3,161.66666666666666,332.01,3284.5,-899.6,808.333,-871.667
173,1754.0433,448.4199,312.5033,711.925,-0.2767,7530,1322.3,3,103.33333333333333,225.91,2223.833,-616.533,516.667,-595.833
174,1984.9633,498.7833,327.375,1000.9633,-0.5367,8438,1512.8,4,123.0,253.13,2479.667,-695.667,615.0,-667.167
175,1894.8267,357.1417,159.8633,1052.3,-0.2767,7969,724.3,3,111.0,239.06,2374.167,-644.067,555.0,-629.333
176,3948.0,588.2163,295.7867,724.76,-2.1033,16290,1205.7,3,230.0,488.7,4897.833,-1298.867,1150.0,-1289.667
177,2199.6,314.6483,199.6833,439.4417,-0.7367,9283,1009.2,3,125.33333333333333,278.5,2776.5,-746.067,626.667,-736.0
178,1974.36,398.4611,178.44,546.7167,-0.5667,8479,928.0,3,113.66666666666667,254.36,2513.5,-690.333,568.333,-671.5
179,1559.52,382.9941,296.8917,666.4417,-0.7833,6344,1335.8,3,91.66666666666667,190.32,1915.833,-502.467,458.333,-502.5
180,2380.64,437.6959,166.425,786.3467,-0.51,10098,892.2,3,142.33333333333334,302.94,2988.667,-824.133,711.667,-798.5
181,2064.0733,440.9191,241.6883,769.165,-0.0433,8508,1112.2,3,122.66666666666667,255.24,2549.0,-682.0,613.333,-671.5
182,1985.4033,533.9679,309.3067,998.915,-0.51,8366,1419.5,3,115.0,245.87,2465.0,-653.133,575.0,-647.333
183,1882.1633,423.9111,243.3617,584.4333,-0.51,8108,967.7,3,107.33333333333333,243.23,2404.5,-659.733,536.667,-642.5
184,1997.9033,495.8274,473.4383,740.7667,-0.51,8622,1998.7,3,113.0,258.67,2559.667,-700.6,565.0,-684.833
185,1968.8433,482.9958,404.3783,670.1783,-0.7367,8344,1648.3,3,107.66666666666667,250.31,2508.167,-665.467,538.333,-662.5
186,2332.4767,527.247,397.3083,717.5183,-0.51,9517,1593.2,3,144.66666666666666,285.51,2839.667,-767.533,723.333,-748.5
187,1762.89,434.2807,286.9517,576.2833,-0.2767,7560,1214.5,3,102.0,226.79,2240.5,-615.733,510.0,-598.667
188,1473.19,308.5957,214.0617,410.83,-0.51,6240,1164.7,3,88.33333333333333,187.19,1845.667,-509.667,441.667,-491.667
189,3631.07,518.9498,258.19,980.8517,-1.02,15469,1378.2,3,216.66666666666666,464.07,4572.833,-1264.667,1083.333,-1224.5
190,1826.0133,503.355,434.6967,892.3183,-0.56,8216,1763.8,3,107.66666666666667,225.88,2258.333,-602.533,538.333,-594.0
191,1776.0567,446.2324,270.2017,890.9467,-0.8333,7656,1225.8,3,109.0,229.69,2241.167,-634.8,545.0,-605.0
192,1798.1967,514.9133,332.065,847.6833,-1.18,7994,1508.8,3,102.33333333333333,239.83,2342.667,-661.8,511.667,-634.167
193,1923.4667,504.73,274.3417,942.1683,-0.51,7863,1377.0,3,110.0,235.9,2379.333,-620.933,550.0,-620.833
194,1904.5733,553.7119,362.9833,1000.2767,-0.51,8192,1675.8,3,112.33333333333333,242.74,2399.0,-658.667,561.667,-640.167
195,1425.7933,336.6719,120.95,679.78,-1.54,6082,732.3,3,85.0,182.46,1796.833,-497.667,425.0,-480.833
196,3041.3967,443.0403,246.3117,740.0533,-0.7367,12841,1169.2,3,186.33333333333334,385.23,3789.667,-1052.333,931.667,-1012.833
197,1421.97,371.746,196.8467,753.6133,-0.51,6196,1092.8,3,81.0,185.87,1829.333,-507.4,405.0,-490.833
198,1856.5733,495.1761,353.44,1212.605,-0.51,8055,1719.5,3,113.0,241.64,2354.667,-669.067,565.0,-635.667
199,1725.03,445.1176,296.585,622.185,-0.51,7628,1454.3,3,97.0,228.83,2244.333,-627.8,485.0,-605.333
200,1700.9167,493.2896,418.9017,1101.8083,-0.68,7522,1823.3,3,98.66666666666667,225.65,2202.333,-623.4,493.333,-597.0
201,1903.1067,477.2493,265.6467,676.3267,-1.46,8491,1239.2,3,102.33333333333333,254.74,2507.833,-695.133,511.667,-676.0
202,2088.46,427.4907,95.4417,498.5917,-0.51,8702,450.7,3,119.0,261.06,2616.167,-693.933,595.0,-689.833
203,1993.0067,541.2084,381.5267,847.0183,-0.2767,8328,1697.0,3,121.33333333333333,249.84,2470.667,-677.333,606.667,-656.833
204,1787.24,426.5526,271.0933,762.7733,-0.7367,8278,1208.7,3,106.33333333333333,248.34,2370.833,-707.267,531.667,-656.333
205,1646.4467,337.2207,131.1033,656.96,-0.3433,7129,690.5,3,92.33333333333333,213.88,2116.5,-579.267,461.667,-566.333
206,1562.4567,419.7131,236.2683,680.9667,-0.68,6603,1083.8,3,92.33333333333333,198.09,1961.167,-536.133,461.667,-522.333
207,1759.33,502.406,286.1817,1045.5883,-0.9067,7924,1218.2,3,108.66666666666667,237.73,2277.833,-673.733,543.333,-625.833
208,2741.8733,500.3961,254.1033,741.0517,-1.1333,12235,1256.5,3,157.0,367.04,3578.167,-1015.667,785.0,-972.667
209,1522.1667,553.5405,478.7367,960.6683,-0.51,7033,2122.0,3,92.33333333333333,211.0,2009.167,-603.0,461.667,-556.667
210,2783.6867,518.777,275.2517,894.3883,-0.5667,11984,1256.0,8,176.0,359.52,3489.5,-1001.0,880.0,-944.333
211,2195.5733,367.4743,245.9883,610.0267,-1.0033,9885,1020.2,3,138.33333333333334,296.54,2833.667,-843.467,691.667,-782.833
212,2516.4267,656.6662,466.6367,518.2233,-0.51,10579,1829.0,3,148.0,317.36,3150.333,-855.6,740.0,-835.667
213,2410.33,438.9929,183.3183,895.9333,-0.51,9578,941.0,3,148.33333333333334,287.33,2892.167,-758.667,741.667,-752.167
214,1637.9767,535.4296,507.9117,933.29,-0.68,7240,2281.5,3,94.0,217.21,2124.167,-598.4,470.0,-575.0
215,1857.36,423.8813,319.6067,829.5617,-0.51,7589,1450.8,3,105.33333333333333,227.66,2299.833,-597.8,526.667,-599.0
216,2236.15,533.2818,361.37,940.87,-0.51,9528,1432.5,3,129.33333333333334,285.85,2832.0,-772.867,646.667,-755.5
217,1224.0567,338.3979,250.9767,533.78,-0.6233,5396,1163.0,3,68.66666666666667,161.89,1589.833,-443.333,343.333,-427.667
218,1378.4133,318.6181,72.9617,749.51,-0.51,5863,403.0,3,78.66666666666667,175.88,1747.667,-473.467,393.333,-465.0
219,1575.3,389.8301,203.2883,694.26,-0.51,6750,725.2,3,90.0,202.3,2004.167,-547.0,450.0,-534.167
220,1858.2167,481.1882,309.285,707.4667,-0.4467,7795,1477.3,3,109.33333333333333,233.85,2324.667,-629.133,546.667,-617.833
221,1514.2867,489.9041,509.71,645.5483,-0.51,6401,2224.0,3,93.66666666666667,192.02,1885.167,-526.067,468.333,-505.167
222,3721.9833,583.2972,443.4683,646.3233,-1.01,16558,1859.8,3,212.33333333333334,496.75,4851.0,-1371.267,1061.667,-1316.167
223,2004.1633,496.636,372.6833,892.5167,-0.8333,9178,1568.5,3,110.33333333333333,275.33,2674.667,-765.667,551.667,-731.833
224,2733.49,514.6206,336.2017,947.7533,-0.51,10906,1437.8,3,167.33333333333334,327.19,3292.667,-864.2,836.667,-858.833
225,2154.7067,573.2009,442.005,931.7567,-0.2133,9118,1897.8,3,119.33333333333333,273.54,2735.667,-729.333,596.667,-721.833
226,2370.98,544.8771,400.0533,638.5633,-0.0433,9556,1799.0,3,151.33333333333334,286.68,2850.0,-771.2,756.667,-751.167
227,1949.6567,405.6184,283.5583,775.845,-1.18,8446,1200.8,3,115.66666666666667,253.39,2483.0,-696.067,578.333,-669.0
228,2014.0833,513.5073,403.1817,934.26,-0.51,8412,1467.3,3,116.66666666666667,252.35,2517.667,-675.267,583.333,-664.0
229,1753.4167,479.8405,389.1967,571.145,-0.2767,7628,1349.3,3,102.0,228.85,2246.833,-626.933,510.0,-605.333
230,1324.2,437.965,411.0033,700.8717,-0.51,5783,1802.7,3,77.66666666666667,173.5,1698.0,-477.467,388.333,-458.167
231,1863.9467,514.6545,451.58,518.8883,-0.56,8039,2006.0,3,110.0,241.18,2370.333,-659.733,550.0,-637.833
232,3369.2167,527.5603,84.0967,1065.2367,-0.51,14222,524.7,3,198.0,426.65,4229.333,-1152.6,990.0,-1124.167
233,2045.1367,466.0056,356.115,897.5033,-0.6067,8749,1557.7,3,122.66666666666667,262.47,2577.833,-718.667,613.333,-689.833
234,2356.0367,485.5863,385.485,586.32,-0.51,10239,1606.2,3,134.0,289.17,2919.167,-760.133,670.0,-762.167
235,1932.3533,479.0329,408.5533,841.5733,-0.68,7911,1766.2,3,118.33333333333333,237.32,2363.333,-636.8,591.667,-623.167
236,3077.9367,517.7852,247.8917,573.2517,-0.51,12832,1164.0,3,178.66666666666666,384.97,3841.5,-1029.867,893.333,-1012.0
237,2249.4533,507.4288,238.835,901.3133,-0.51,9604,1238.8,3,131.66666666666666,288.12,2846.167,-782.333,658.333,-760.833
238,2079.5267,456.3384,208.61,907.75,-0.51,8782,1122.8,3,122.66666666666667,263.46,2610.333,-712.267,613.333,-695.333
239,2605.25,523.5529,235.955,678.5083,-0.2367,10775,996.5,3,146.66666666666666,323.25,3255.0,-853.0,733.333,-853.333
240,1783.14,367.3401,212.4817,818.63,-0.51,8088,1114.8,3,105.66666666666667,242.64,2338.167,-682.333,528.333,-643.667
241,1639.5833,379.4095,146.0733,755.9983,-0.51,7012,898.8,3,91.33333333333333,210.35,2093.5,-564.933,456.667,-556.0
242,1750.82,391.1976,123.6067,820.9217,-0.7367,7597,692.2,3,98.0,227.92,2253.833,-617.933,490.0,-603.0
243,2555.6367,474.7273,162.9733,739.6233,-0.51,10642,929.7,3,152.0,319.27,3175.833,-858.133,760.0,-841.333
244,2811.5633,489.8675,162.955,772.58,-0.51,12254,782.0,3,154.66666666666666,367.63,3638.667,-995.4,773.333,-972.667
245,1318.4467,375.3363,176.325,817.2167,-1.1067,5316,902.5,3,81.66666666666667,159.48,1594.167,-425.533,408.333,-418.0
246,1841.0367,348.3057,172.475,593.4817,-1.47,7699,831.8,3,107.66666666666667,230.97,2299.667,-619.933,538.333,-608.0
247,3597.2633,571.8253,357.4417,713.1167,0.19,14784,1542.5,3,215.66666666666666,443.53,4426.5,-1186.267,1078.333,-1164.833
248,2502.2167,477.3635,389.9483,817.955,-1.34,10555,1577.3,3,143.0,316.65,3156.0,-848.6,715.0,-836.833
249,2497.8967,585.2561,459.99,1068.0667,-0.51,10711,2036.8,3,138.33333333333334,321.33,3199.0,-862.6,691.667,-851.5
250,2084.3867,531.8712,372.975,872.875,-0.85,8714,1516.8,3,120.0,261.42,2609.833,-698.867,600.0,-688.0
251,1974.69,415.0533,250.645,746.2017,-0.68,8070,1379.8,3,119.66666666666667,242.09,2417.167,-647.067,598.333,-635.833
252,1816.6433,378.3103,179.795,891.1283,-0.51,7547,835.3,3,101.66666666666667,226.41,2277.833,-598.267,508.333,-597.667
253,1472.8433,380.3205,249.5517,586.1783,-0.51,6497,1126.2,3,84.0,194.91,1909.167,-535.733,420.0,-515.5
254,1602.74,502.8612,240.9067,1198.625,-0.2767,6625,1091.3,3,93.33333333333333,198.74,1989.833,-529.0,466.667,-523.5
255,3381.8233,379.9147,199.3183,637.6383,-0.51,14476,865.7,3,204.33333333333334,434.29,4262.833,-1190.133,1021.667,-1146.833
256,2095.9467,478.0678,188.0283,751.2017,-0.7367,8726,838.2,3,115.66666666666667,261.78,2637.167,-690.333,578.333,-691.0
257,2231.6633,594.3301,336.8033,1128.9383,0.2667,9319,1726.3,7,139.0,277.93,2744.0,-755.267,695.0,-730.0
258,3334.8,558.6756,325.5567,767.8,-0.2767,13723,1406.8,3,191.33333333333334,411.7,4140.667,-1088.4,956.667,-1085.833
259,1787.2433,344.6989,135.8933,587.045,-0.51,7714,545.3,3,109.33333333333333,231.41,2257.667,-639.667,546.667,-608.833
260,2203.31,549.0698,476.0167,713.4467,-0.2767,8918,2088.3,3,131.0,265.01,2675.5,-696.533,655.0,-695.667
261,1591.3533,466.6761,330.8767,879.0867,-0.68,6747,1459.2,3,87.0,202.42,2027.667,-538.4,435.0,-535.333
262,1284.1367,458.2589,385.14,737.1567,-0.9633,5642,1601.3,3,70.0,169.27,1672.5,-459.467,350.0,-448.167
263,1666.2933,372.6058,153.3917,1054.2483,-0.56,7075,651.3,3,100.0,212.26,2091.5,-578.467,500.0,-559.0
264,3528.41,476.8184,117.43,1099.0383,-0.51,14714,746.0,3,213.0,441.41,4376.833,-1192.0,1065.0,-1162.833
265,2013.5333,408.296,221.1817,972.2267,-0.51,8283,1160.5,3,117.33333333333333,248.5,2493.833,-659.133,586.667,-656.333
266,1695.1433,494.0561,381.1267,926.2867,-0.51,7887,1527.0,3,98.66666666666667,236.61,2264.833,-671.467,493.333,-628.167
267,2041.5833,467.6084,227.6817,879.6783,0.6367,8488,970.7,5,117.0,254.65,2549.833,-677.733,585.0,-670.167
268,2474.97,465.9549,276.6133,692.035,-0.51,8451,1113.3,3,202.33333333333334,218.17,2305.667,-532.2,1011.667,-528.333
269,2747.7367,363.3766,173.5667,518.3817,-0.7367,11549,866.5,3,161.0,346.47,3441.0,-933.4,805.0,-911.333
270,1781.7133,322.5923,66.2167,836.085,-0.55,7516,428.3,3,102.33333333333333,225.48,2244.833,-605.267,511.667,-595.0
271,1567.4733,406.8784,223.2983,673.9833,-0.51,6205,1038.8,3,89.66666666666667,186.14,1903.167,-479.667,448.333,-490.5
272,1772.5233,383.5159,127.8933,599.5433,-0.51,6916,597.2,3,143.66666666666666,158.49,1668.667,-389.133,718.333,-383.833
273,1912.6267,482.2814,338.925,600.3467,-0.51,8492,1218.5,3,113.33333333333333,254.76,2474.0,-708.8,566.667,-674.0
274,2961.5767,483.2235,200.815,438.2483,-0.63,12847,863.8,3,174.66666666666666,385.41,3777.667,-1058.333,873.333,-1016.5
275,2467.63,493.4343,251.375,677.2333,-0.51,10478,1183.5,3,139.66666666666666,314.33,3130.0,-843.533,698.333,-831.5
276,2288.69,439.1111,298.7783,439.9317,-0.51,9523,1380.7,3,131.33333333333334,285.69,2861.5,-760.0,656.667,-755.167
277,2060.6867,494.1664,121.39,1275.7833,-0.51,8824,623.3,3,117.33333333333333,258.12,2583.833,-687.267,586.667,-680.667
278,1593.9867,413.1985,133.4,1126.0317,-0.2767,6427,735.5,3,95.0,192.82,1942.0,-508.667,475.0,-507.167
279,1325.2367,334.588,177.7717,522.3917,-0.51,5777,716.0,3,75.0,167.17,1670.5,-446.267,375.0,-441.167
280,3633.57,662.215,432.2567,1355.165,-0.51,14799,1893.0,3,212.66666666666666,443.97,4469.333,-1172.067,1063.333,-1171.0
281,2497.5933,479.5109,320.1883,943.2783,0.03,10749,1446.0,11,149.0,322.46,3166.333,-883.2,745.0,-853.0
282,1825.4467,398.4631,271.475,599.5083,-0.2767,7163,1262.5,3,113.33333333333333,214.88,2169.833,-564.6,566.667,-561.333
283,1650.5233,369.7043,164.5,840.8667,-0.51,6969,844.2,3,102.33333333333333,207.79,2044.167,-567.6,511.667,-545.5
284,1939.36,441.3904,101.6583,1145.6167,-0.51,8165,498.0,3,115.0,244.96,2427.833,-661.933,575.0,-646.5
285,1675.3433,431.5836,284.8517,594.1383,-0.7367,7367,1342.2,3,100.0,221.01,2150.167,-613.333,500.0,-582.5
286,2191.54,547.6985,454.8883,971.5433,-0.61,9521,1936.8,3,129.0,285.64,2798.333,-784.933,645.0,-752.5
287,1945.09,436.4495,304.36,754.3817,-0.0433,8766,1480.0,3,107.0,262.99,2569.667,-725.4,535.0,-697.167
288,1857.02,363.0581,146.32,763.9083,-0.6167,7691,812.0,3,111.33333333333333,230.72,2298.167,-618.867,556.667,-609.667
289,1970.9567,389.5477,99.9083,668.335,-0.68,8380,587.2,3,109.66666666666667,251.39,2508.333,-672.6,548.333,-664.5
290,1939.86,499.4821,304.78,847.6483,-0.51,8559,1373.3,3,115.33333333333333,256.76,2496.667,-713.067,576.667,-677.167
291,2377.51,405.4379,213.27,1059.1167,-0.51,10264,930.8,3,147.66666666666666,307.91,2995.833,-854.4,738.333,-810.167
292,3083.3233,501.662,321.2183,925.27,-0.6467,13586,1602.3,3,179.33333333333334,407.59,3981.667,-1124.6,896.667,-1078.0
293,2538.2533,403.9412,135.7417,784.3233,-0.7367,10607,769.2,3,143.33333333333334,318.22,3189.167,-845.8,716.667,-840.0
294,2075.8667,426.314,238.8233,609.7433,-0.6233,8960,1228.0,3,126.0,268.8,2626.833,-741.267,630.0,-708.5
295,2033.0667,465.3337,59.1217,1005.11,-0.73,8540,371.0,3,120.0,256.2,2544.667,-690.133,600.0,-677.667
296,2406.7233,524.4939,250.4383,892.3233,-0.2767,9820,1048.5,3,148.66666666666666,294.59,2931.833,-791.2,743.333,-771.833
297,1591.0033,362.5682,186.5883,627.0667,-0.8967,6782,844.2,3,98.33333333333333,203.47,1991.667,-559.8,491.667,-536.0
298,2120.8033,451.3769,263.8917,903.2467,-0.0433,8906,1200.0,3,119.66666666666667,267.17,2673.167,-711.867,598.333,-706.0
299,2113.5,335.9633,47.1267,712.34,-1.0767,8589,248.7,3,115.33333333333333,257.5,2625.833,-666.333,576.667,-680.167
300,1594.1033,446.3073,321.8183,618.1317,-0.51,6339,1557.8,3,90.66666666666667,190.17,1941.833,-491.067,453.333,-500.167
