generation,best_score,mean_score,median_score,worst_score,best_turns,median_turns,worst_turns,best_food_eaten,best_sc_survival,best_sc_towards,best_sc_against,best_sc_ate,best_sc_bomb
1,9.79,0.4656,0.56,-1.88,43,2.0,2,0,1.29,24.0,-9.5,0.0,-6.0
2,17.63,1.8338,0.56,-4.55,82,7.0,2,2,0.63,13.0,-4.0,10.0,-2.0
3,29.9,2.278,0.56,-10.04,85,7.0,2,2,0.9,24.0,-3.0,10.0,-2.0
4,27.75,4.9852,2.71,-13.15,100,8.0,2,0,2.25,50.0,-12.5,0.0,-12.0
5,35.87,5.805,3.48,-6.08,130,15.5,2,4,2.37,42.0,-18.5,20.0,-10.0
6,30.92,6.0042,3.255,-7.69,87,24.5,8,2,1.92,40.0,-12.0,10.0,-9.0
7,44.81,8.417,5.675,-10.97,141,33.0,7,5,3.81,65.0,-31.0,25.0,-18.0
8,85.83,12.014,5.65,-12.33,220,39.0,2,6,4.83,103.0,-29.0,30.0,-23.0
9,70.88,12.876,9.83,-8.84,196,31.0,2,6,5.88,108.0,-44.0,30.0,-29.0
10,45.8,8.3992,5.075,-6.87,180,30.5,9,2,1.8,48.0,-6.0,10.0,-8.0
11,66.56,14.279,8.305,-4.83,173,27.0,2,6,3.06,65.0,-18.5,30.0,-13.0
12,93.74,14.9932,7.785,-5.7,169,24.0,2,6,4.74,106.0,-26.0,30.0,-21.0
13,90.93,12.109,6.585,-11.51,131,33.0,2,9,3.93,83.0,-24.0,45.0,-17.0
14,82.52,15.5516,12.62,-4.08,160,35.5,2,7,4.02,85.0,-24.5,35.0,-17.0
15,75.34,18.489,13.605,-0.94,188,37.0,2,7,3.84,77.0,-25.5,35.0,-15.0
16,69.93,17.498,8.31,-6.05,151,33.0,2,5,3.93,83.0,-24.0,25.0,-18.0
17,95.88,17.5228,12.145,-2.23,196,34.0,2,7,5.88,120.0,-38.0,35.0,-27.0
18,88.16,18.9838,12.73,-4.31,272,30.5,5,7,8.16,148.0,-62.0,35.0,-41.0
19,81.52,15.4338,10.795,-2.7,234,22.0,2,8,7.02,123.0,-55.5,40.0,-33.0
20,71.12,14.9614,10.71,-13.29,254,38.0,8,8,7.62,125.0,-64.5,40.0,-37.0
21,136.54,25.073,15.01,-7.01,313,47.5,2,10,6.54,146.0,-36.0,50.0,-30.0
22,82.93,14.4852,8.2,-7.55,164,21.5,2,8,3.93,81.0,-25.0,40.0,-17.0
23,99.0,16.0408,9.0,-20.25,306,34.0,9,6,6.0,128.0,-36.0,30.0,-29.0
24,136.5,21.422,12.48,-10.29,200,35.5,2,12,6.0,129.0,-35.5,60.0,-23.0
25,54.55,15.3692,12.47,-3.73,115,29.0,9,5,2.55,53.0,-16.0,25.0,-10.0
26,49.53,14.1456,10.875,-7.55,123,38.0,9,3,3.03,64.0,-18.5,15.0,-14.0
27,85.68,18.4916,13.26,-6.66,232,30.0,2,6,4.68,100.0,-28.0,30.0,-21.0
28,89.89,16.1412,11.265,-4.55,363,26.5,9,7,10.89,187.0,-88.0,35.0,-55.0
29,68.85,19.6548,14.015,-2.7,195,43.0,9,5,5.85,109.0,-43.0,25.0,-28.0
30,89.74,15.4856,11.11,-4.55,158,31.5,2,6,4.74,104.0,-27.0,30.0,-22.0
31,129.64,23.5494,11.74,-5.37,238,41.0,2,13,7.14,137.0,-50.5,65.0,-29.0
32,83.77,16.0356,8.235,-9.87,223,22.0,2,6,4.77,101.0,-29.0,30.0,-23.0
33,101.4,20.4352,11.695,-2.84,580,36.5,2,11,17.4,272.0,-154.0,55.0,-89.0
34,92.73,16.9738,10.815,-2.7,231,34.0,9,6,5.73,121.0,-35.0,30.0,-29.0
35,87.73,19.1294,11.05,-4.04,191,35.5,7,8,5.73,109.0,-41.0,40.0,-26.0
36,79.51,14.457,9.805,-7.55,141,27.0,2,4,3.51,87.0,-15.0,20.0,-16.0
37,85.7,21.3126,15.985,-9.75,154,41.5,5,7,4.2,89.0,-25.5,35.0,-17.0
38,89.82,15.9134,10.755,-8.16,294,28.0,2,4,8.82,170.0,-62.0,20.0,-47.0
39,166.81,16.4406,9.88,-4.12,177,38.0,2,16,5.31,126.0,-25.5,80.0,-19.0
40,96.76,18.9188,14.675,-0.05,212,39.0,2,10,4.26,87.0,-27.5,50.0,-17.0
41,99.7,19.2544,11.24,-9.05,390,27.0,10,9,11.7,198.0,-96.0,45.0,-59.0
42,79.19,16.3162,11.24,-2.84,252,33.0,9,5,3.69,86.0,-18.5,25.0,-17.0
43,88.58,15.1028,9.35,-7.69,236,31.0,9,8,7.08,129.0,-53.5,40.0,-34.0
44,79.12,18.0678,13.945,-7.55,175,43.5,9,7,3.12,70.0,-17.0,35.0,-12.0
45,68.61,24.4836,20.875,-4.85,270,55.0,2,7,4.11,78.0,-29.5,35.0,-19.0
46,77.95,17.4648,11.895,-7.55,165,33.0,2,7,4.95,95.0,-35.0,35.0,-22.0
47,122.01,20.788,17.65,-7.01,267,34.0,2,10,8.01,157.0,-55.0,50.0,-38.0
48,70.34,22.7924,13.865,-2.7,192,32.5,7,7,5.34,96.0,-41.0,35.0,-25.0
49,66.43,15.3162,13.315,-4.69,141,33.5,2,4,3.93,84.0,-23.5,20.0,-18.0
50,62.1,17.1556,13.03,-4.55,190,33.5,2,5,2.1,52.0,-9.0,25.0,-8.0
51,57.04,18.4624,16.745,-4.69,132,31.0,2,6,2.04,44.0,-12.0,30.0,-7.0
52,77.53,20.6452,13.055,-17.25,251,40.5,2,6,7.53,135.0,-58.0,30.0,-37.0
53,78.88,19.6434,15.75,-7.55,146,46.5,9,6,4.38,91.0,-27.5,30.0,-19.0
54,92.71,16.379,13.045,-10.15,307,47.5,9,7,9.21,166.0,-70.5,35.0,-47.0
55,76.9,19.8324,17.895,-4.55,176,43.0,9,7,2.4,59.0,-10.5,35.0,-9.0
56,63.46,14.9364,9.245,-3.73,182,32.0,9,3,5.46,108.0,-37.0,15.0,-28.0
57,95.18,19.1054,11.85,-6.61,242,41.0,2,6,4.68,107.0,-24.5,30.0,-22.0
58,89.75,17.4986,12.67,-1.55,225,29.0,2,8,6.75,125.0,-50.0,40.0,-32.0
59,109.59,15.8648,10.91,-13.15,253,36.5,2,9,7.59,147.0,-53.0,45.0,-37.0
60,125.86,17.5214,12.26,-6.05,262,40.0,7,12,7.86,150.0,-56.0,60.0,-36.0
61,56.92,12.6046,8.965,-6.12,285,35.5,2,5,3.42,67.0,-23.5,25.0,-15.0
62,90.49,19.353,10.665,-8.65,258,32.0,3,8,5.49,107.0,-38.0,40.0,-24.0
63,83.15,18.3576,11.075,-6.33,200,37.5,7,6,3.15,77.0,-14.0,30.0,-13.0
64,96.05,14.6688,12.065,-7.15,235,48.5,7,8,7.05,133.0,-51.0,40.0,-33.0
65,73.54,14.9442,10.135,-7.34,218,39.5,9,5,6.54,122.0,-48.0,25.0,-32.0
66,79.85,21.7816,20.685,-2.7,195,54.0,10,7,5.85,109.0,-43.0,35.0,-27.0
67,61.43,17.1654,14.325,-6.05,183,44.5,9,5,2.43,57.0,-12.0,25.0,-11.0
68,93.54,18.7636,12.49,-13.15,219,49.5,9,7,6.54,128.0,-45.0,35.0,-31.0
69,78.88,15.7486,12.775,-6.52,229,51.0,3,8,4.38,85.0,-30.5,40.0,-20.0
70,76.85,19.4344,14.485,-4.55,132,41.0,5,6,2.85,69.0,-13.0,30.0,-12.0
71,85.95,14.4714,10.885,-7.69,215,39.0,2,9,6.45,114.0,-50.5,45.0,-29.0
72,75.97,14.4086,7.59,-7.83,149,39.0,9,8,4.47,84.0,-32.5,40.0,-20.0
73,98.37,15.6186,9.295,-4.34,229,28.5,9,7,6.87,136.0,-46.5,35.0,-33.0
74,114.22,14.119,6.395,-6.05,176,31.5,7,10,5.22,112.0,-31.0,50.0,-22.0
75,85.33,22.2156,14.16,-9.05,274,29.5,7,6,3.33,81.0,-15.0,30.0,-14.0
76,100.59,17.4394,9.915,-4.69,213,33.5,2,7,6.09,126.0,-38.5,35.0,-28.0
77,107.69,20.3788,14.63,-1.55,223,42.0,2,11,6.69,125.0,-49.0,55.0,-30.0
78,83.41,23.1554,16.605,-3.8,190,39.5,10,6,4.41,95.0,-26.0,30.0,-20.0
79,94.98,20.593,16.1,-12.61,183,43.0,9,10,4.98,96.0,-35.0,50.0,-21.0
80,138.5,20.4598,13.125,-6.94,300,47.5,9,11,9.0,177.0,-61.5,55.0,-41.0
81,160.47,24.5542,18.33,-10.69,267,40.5,9,14,7.47,159.0,-45.0,70.0,-31.0
82,82.38,21.2282,18.835,-4.69,155,50.0,9,6,4.38,94.0,-26.0,30.0,-20.0
83,56.46,13.306,8.755,-7.9,215,38.0,2,5,3.96,75.0,-28.5,25.0,-19.0
84,52.4,12.2416,7.42,-9.4,176,37.0,9,5,3.9,71.0,-29.5,25.0,-18.0
85,50.31,10.4994,6.45,-8.3,230,26.5,2,4,6.81,114.0,-56.5,20.0,-34.0
86,73.94,17.7074,13.5,-7.55,164,34.0,2,6,4.44,89.0,-29.5,30.0,-20.0
87,45.5,13.0164,9.035,-7.55,164,40.5,5,3,4.5,82.0,-34.0,15.0,-22.0
88,79.14,16.9864,10.66,-15.53,207,35.0,9,5,5.64,113.0,-37.5,25.0,-27.0
89,74.18,13.6496,9.715,-9.35,156,36.0,9,5,4.68,97.0,-29.5,25.0,-23.0
90,84.07,13.621,8.405,-9.19,169,30.0,2,7,5.07,101.0,-34.0,35.0,-23.0
91,91.1,18.395,10.935,-7.55,320,39.5,9,7,9.6,171.0,-74.5,35.0,-50.0
92,56.55,14.682,7.465,-3.05,285,39.5,2,5,8.55,139.0,-73.0,25.0,-43.0
93,106.46,19.188,12.03,-10.15,332,45.5,2,7,9.96,185.0,-73.5,35.0,-50.0
94,86.72,17.8576,14.665,-7.55,274,57.0,9,11,8.22,133.0,-70.5,55.0,-39.0
95,114.46,17.0912,11.45,-7.55,382,42.0,9,13,11.46,190.0,-96.0,65.0,-56.0
96,68.85,17.5012,12.67,-5.79,176,46.5,9,6,4.35,84.0,-30.5,30.0,-19.0
97,53.89,13.939,11.205,-6.05,185,42.5,9,3,3.39,72.0,-20.5,15.0,-16.0
98,80.24,19.0776,16.42,-6.19,258,50.0,9,9,7.74,129.0,-64.5,45.0,-37.0
99,55.82,16.0174,11.39,-6.05,173,39.0,10,3,4.32,87.0,-28.5,15.0,-22.0
100,66.07,15.6162,11.905,-12.35,167,46.5,9,6,3.57,72.0,-23.5,30.0,-16.0
101,68.26,14.2484,9.895,-4.69,236,51.0,9,7,4.26,80.0,-31.0,35.0,-20.0
102,86.47,21.3176,16.15,-4.69,249,55.5,10,8,7.47,133.0,-58.0,40.0,-36.0
103,77.01,16.5828,14.36,-6.05,217,43.0,10,7,6.51,116.0,-50.5,35.0,-30.0
104,132.31,13.7944,10.9,-8.65,227,34.0,9,10,6.81,146.0,-40.5,50.0,-30.0
105,56.15,17.9758,14.015,-8.02,210,42.5,3,5,3.15,63.0,-21.0,25.0,-14.0
106,85.55,17.9738,11.74,-6.05,272,40.0,15,7,5.55,109.0,-38.0,35.0,-26.0
107,94.34,11.4564,7.38,-8.51,246,37.0,2,7,5.34,112.0,-33.0,35.0,-25.0
108,76.43,18.685,13.525,-4.55,177,46.5,2,6,3.93,84.0,-23.5,30.0,-18.0
109,100.18,18.1194,14.595,-11.16,256,42.5,2,6,7.68,153.0,-51.5,30.0,-39.0
110,133.26,15.8918,10.275,-5.44,292,43.5,2,9,8.76,179.0,-56.5,45.0,-43.0
111,95.15,8.7618,5.475,-11.51,255,30.5,6,10,7.65,134.0,-60.5,50.0,-36.0
112,85.99,15.629,8.535,-15.19,283,33.5,2,10,8.49,140.0,-71.5,50.0,-41.0
113,62.37,14.3364,9.185,-7.66,179,40.0,2,6,5.37,95.0,-42.0,30.0,-26.0
114,93.81,11.2324,5.625,-7.99,327,36.5,2,7,9.81,175.0,-76.0,35.0,-50.0
115,71.69,16.0666,10.805,-12.75,187,51.5,2,6,5.19,98.0,-37.5,30.0,-24.0
116,76.85,17.591,13.23,-5.3,195,59.0,2,5,5.85,115.0,-40.0,25.0,-29.0
117,62.64,16.8838,11.84,-4.55,152,36.5,2,6,2.64,56.0,-16.0,30.0,-10.0
118,64.08,16.2358,12.845,-6.61,186,54.0,3,8,5.58,91.0,-47.5,40.0,-25.0
119,57.88,17.1842,17.53,-10.76,229,43.0,9,4,5.88,106.0,-45.0,20.0,-29.0
120,71.92,15.3114,11.45,-8.16,176,44.0,2,5,3.42,77.0,-18.5,25.0,-15.0
121,92.57,15.8898,12.56,-2.23,319,39.5,2,10,9.57,159.0,-80.0,50.0,-46.0
122,70.54,16.9104,11.895,-1.34,194,45.0,2,4,5.04,103.0,-32.5,20.0,-25.0
123,61.65,13.2772,10.485,-9.19,153,34.0,9,4,3.15,70.0,-17.5,20.0,-14.0
124,61.86,17.2686,9.01,-4.11,132,37.0,2,7,3.36,63.0,-24.5,35.0,-15.0
125,90.43,19.0988,12.505,-2.7,281,49.5,2,6,8.43,157.0,-62.0,30.0,-43.0
126,48.06,15.1734,12.845,-6.05,123,47.0,2,5,3.06,56.0,-23.0,25.0,-13.0
127,70.63,15.6438,11.075,-8.51,237,40.0,9,8,3.63,69.0,-26.0,40.0,-16.0
128,98.38,13.6564,7.545,-3.73,246,36.5,2,9,7.38,136.0,-55.0,45.0,-35.0
129,119.98,17.3772,12.08,-6.05,366,39.0,2,11,10.98,194.0,-86.0,55.0,-54.0
130,88.09,18.6804,11.705,-4.55,253,28.0,2,7,7.59,140.0,-56.5,35.0,-38.0
131,94.36,18.9778,12.83,-7.15,204,45.0,2,9,4.86,99.0,-31.5,45.0,-23.0
132,80.63,17.91,12.385,-6.05,221,35.5,7,7,6.63,121.0,-50.0,35.0,-32.0
133,81.67,19.769,16.675,-10.76,252,39.0,2,7,2.67,65.0,-12.0,35.0,-9.0
134,117.06,22.5216,10.29,-19.29,211,29.0,2,11,4.56,101.0,-25.5,55.0,-18.0
135,93.21,18.1858,12.35,-5.02,207,32.5,9,7,6.21,125.0,-41.0,35.0,-32.0
136,99.6,22.0066,17.71,-2.89,270,30.0,2,6,8.1,159.0,-55.5,30.0,-42.0
137,85.52,18.608,14.435,-5.51,284,37.0,9,9,8.52,144.0,-70.0,45.0,-42.0
138,88.96,14.7112,10.69,-6.0,164,27.5,7,7,3.96,88.0,-22.0,35.0,-16.0
139,110.71,22.9636,16.71,-4.69,247,45.0,2,11,6.21,120.0,-43.5,55.0,-27.0
140,87.32,18.0782,8.72,-6.19,194,32.0,2,6,5.82,117.0,-38.5,30.0,-27.0
141,67.28,23.0024,19.195,-7.55,250,39.0,9,3,5.28,108.0,-34.0,15.0,-27.0
142,128.0,26.2416,16.665,-9.19,250,33.0,8,10,7.5,153.0,-48.5,50.0,-34.0
143,109.81,23.9384,20.05,-2.23,177,45.0,9,10,5.31,110.0,-33.5,50.0,-22.0
144,98.88,18.3032,12.83,-4.55,165,28.5,2,10,4.38,91.0,-27.5,50.0,-19.0
145,148.97,31.5718,22.125,-2.23,266,43.5,7,9,7.47,170.0,-39.5,45.0,-34.0
146,119.11,19.1306,9.995,-7.55,237,27.5,2,11,7.11,139.0,-49.0,55.0,-33.0
147,115.46,22.436,14.025,-9.8,232,35.0,5,9,6.96,141.0,-45.5,45.0,-32.0
148,71.43,16.899,11.88,-6.94,151,40.0,2,6,2.43,59.0,-11.0,30.0,-9.0
149,93.96,16.3264,7.86,-7.55,232,31.0,2,7,6.96,134.0,-49.0,35.0,-33.0
150,115.86,23.6424,15.25,-7.55,256,36.5,5,11,4.86,104.0,-29.0,55.0,-19.0
151,106.08,24.3184,14.065,-2.65,286,42.0,2,10,8.58,155.0,-65.5,50.0,-42.0
152,135.22,24.5154,19.77,-8.16,182,41.0,10,13,5.22,116.0,-29.0,65.0,-22.0
153,73.08,18.2502,16.725,-6.05,186,42.0,10,6,5.58,105.0,-40.5,30.0,-27.0
154,105.39,20.0864,7.45,-7.69,313,32.0,10,10,7.89,144.0,-59.5,50.0,-37.0
155,100.32,21.7418,13.3,-6.19,294,40.5,2,9,8.82,157.0,-68.5,45.0,-42.0
156,143.94,29.3138,24.225,-4.34,248,48.5,9,10,7.44,163.0,-42.5,50.0,-34.0
157,171.08,22.8828,13.0,-13.05,336,40.0,9,15,10.08,200.0,-68.0,75.0,-46.0
158,143.49,22.6272,13.735,-6.05,378,58.5,5,9,6.99,160.0,-36.5,45.0,-32.0
159,95.89,26.1796,20.65,-14.65,289,54.5,2,11,7.89,135.0,-64.0,55.0,-38.0
160,77.64,19.4426,14.33,-7.69,221,38.5,9,5,4.14,91.0,-23.5,25.0,-19.0
161,106.94,23.6482,19.43,-6.52,242,44.5,9,6,5.94,132.0,-33.0,30.0,-28.0
162,93.76,26.1478,22.06,-7.69,266,58.5,9,8,5.76,114.0,-39.0,40.0,-27.0
163,179.82,31.1226,19.105,-9.8,644,61.5,9,17,19.32,329.0,-157.5,85.0,-96.0
164,100.09,24.4448,20.495,-7.69,250,57.0,2,4,4.59,116.0,-18.5,20.0,-22.0
165,150.14,29.377,20.31,-3.19,283,45.0,7,12,7.14,156.0,-41.0,60.0,-32.0
166,123.18,22.9616,18.185,-6.05,206,54.0,2,10,6.18,132.0,-37.0,50.0,-28.0
167,89.35,14.648,7.91,-7.69,195,22.0,9,7,5.85,116.0,-39.5,35.0,-28.0
168,95.67,13.361,7.72,-10.76,202,29.0,9,10,5.67,107.0,-41.0,50.0,-26.0
169,126.8,20.6176,13.935,-8.3,310,40.0,9,13,9.3,167.0,-71.5,65.0,-43.0
170,156.65,23.4768,16.445,-11.65,268,55.5,9,15,6.15,134.0,-35.5,75.0,-23.0
171,81.54,17.4956,15.96,-4.55,198,40.0,2,8,3.54,74.0,-22.0,40.0,-14.0
172,56.78,17.4888,14.8,-7.55,176,34.5,2,5,5.28,93.0,-41.5,25.0,-25.0
173,82.87,21.4644,14.995,-6.19,368,39.5,9,8,5.37,102.0,-38.5,40.0,-26.0
174,63.39,15.4002,11.84,-4.69,205,39.0,2,6,1.89,46.0,-8.5,30.0,-6.0
175,109.28,16.3798,10.545,-10.85,236,28.0,2,11,5.28,106.0,-35.0,55.0,-22.0
176,120.2,21.8316,15.225,-4.55,201,45.0,9,10,4.2,102.0,-19.0,50.0,-17.0
177,127.07,21.322,13.415,-6.52,269,24.5,8,10,8.07,161.0,-54.0,50.0,-38.0
178,92.82,20.438,14.835,-7.55,194,33.5,4,7,5.82,118.0,-38.0,35.0,-28.0
179,70.66,22.2856,19.27,-7.85,244,54.0,2,5,5.16,101.0,-35.5,25.0,-25.0
180,96.56,24.1916,10.74,-7.55,302,45.5,8,11,9.06,151.0,-75.5,55.0,-43.0
181,114.41,26.9278,26.33,-10.85,297,60.0,9,10,8.91,164.0,-66.5,50.0,-42.0
182,161.26,26.5288,14.695,-5.65,392,39.0,9,16,11.76,215.0,-88.5,80.0,-57.0
183,169.97,23.2658,15.2,-7.43,399,48.5,9,15,11.97,227.0,-86.0,75.0,-58.0
184,78.51,25.1114,21.03,-2.23,214,48.5,9,6,5.01,100.0,-33.5,30.0,-23.0
185,146.44,23.9382,12.16,-6.05,391,51.0,8,14,8.94,171.0,-63.5,70.0,-40.0
186,83.2,18.22,10.6,-6.87,232,43.0,9,8,5.7,105.0,-42.5,40.0,-25.0
187,72.55,18.8696,15.99,-2.7,185,39.5,2,7,5.55,101.0,-42.0,35.0,-27.0
188,73.38,22.0738,15.845,-5.51,246,48.0,9,8,7.38,122.0,-62.0,40.0,-34.0
189,86.67,22.053,17.64,-2.37,289,53.5,5,7,8.67,155.0,-67.0,35.0,-45.0
190,90.1,23.5188,17.245,-2.51,240,61.0,9,8,5.1,102.0,-34.0,40.0,-23.0
191,86.27,17.0666,13.015,-11.16,238,42.0,9,9,3.27,71.0,-19.0,45.0,-14.0
192,146.74,23.0786,17.365,-14.39,258,52.5,9,9,7.74,172.0,-43.0,45.0,-35.0
193,91.06,20.8342,13.035,-10.01,245,41.5,5,9,6.06,112.0,-45.0,45.0,-27.0
194,141.94,22.0412,13.97,-4.55,334,48.5,9,13,7.44,151.0,-48.5,65.0,-33.0
195,65.16,14.4816,9.575,-4.97,168,29.0,2,6,3.66,73.0,-24.5,30.0,-17.0
196,134.51,24.2312,19.69,-8.79,317,48.5,9,13,9.51,175.0,-71.0,65.0,-44.0
197,94.68,24.889,18.755,-3.19,274,39.5,2,9,6.18,117.0,-44.5,45.0,-29.0
198,118.2,26.5504,18.5,-4.01,279,51.0,2,12,5.7,115.0,-37.5,60.0,-25.0
199,128.17,24.0458,15.95,-7.15,339,47.0,9,9,10.17,195.0,-72.0,45.0,-50.0
200,91.85,20.1532,17.585,-3.19,245,39.5,9,11,7.35,124.0,-60.5,55.0,-34.0
201,116.8,24.7994,13.05,-5.23,360,45.0,9,10,10.8,192.0,-84.0,50.0,-52.0
202,98.29,20.3044,15.78,-9.54,208,56.5,7,6,5.79,124.0,-34.5,30.0,-27.0
203,108.76,20.4712,12.82,-9.33,275,41.0,5,8,7.26,145.0,-48.5,40.0,-35.0
204,97.0,21.809,14.78,-10.29,274,65.5,9,8,6.0,120.0,-40.0,40.0,-29.0
205,80.4,18.9432,15.95,-6.66,278,51.5,9,7,5.4,104.0,-38.0,35.0,-26.0
206,121.91,24.8058,16.98,-5.51,249,45.0,7,10,5.91,127.0,-35.0,50.0,-26.0
207,191.05,23.7742,16.815,-6.19,485,49.0,2,16,14.55,274.0,-105.5,80.0,-72.0
208,77.75,20.9686,15.6,-6.05,221,46.5,2,8,3.75,75.0,-25.0,40.0,-16.0
209,87.07,23.2638,17.66,-5.02,250,57.0,2,7,3.57,82.0,-18.5,35.0,-15.0
210,100.73,22.167,18.035,-6.08,207,41.0,8,9,5.73,115.0,-38.0,45.0,-27.0
211,101.13,24.448,21.945,-3.09,338,54.5,2,6,8.13,159.0,-56.0,30.0,-40.0
212,111.7,19.2856,15.01,-9.75,240,37.0,7,12,7.2,131.0,-54.5,60.0,-32.0
213,136.31,28.0478,22.88,-10.01,277,60.0,9,10,8.31,171.0,-53.0,50.0,-40.0
214,129.81,26.228,22.02,-6.33,477,44.5,2,6,14.31,266.0,-105.5,30.0,-75.0
215,105.31,26.4708,22.24,-4.69,316,58.5,12,7,8.31,161.0,-58.0,35.0,-41.0
216,99.93,23.4,14.74,-6.05,322,41.5,2,8,5.43,112.0,-34.5,40.0,-23.0
217,108.96,21.7486,19.715,-10.69,282,47.5,2,8,8.46,161.0,-60.5,40.0,-40.0
218,54.86,17.3692,12.655,-4.2,152,39.5,9,4,3.36,69.0,-21.5,20.0,-16.0
219,97.24,21.5012,17.155,-3.16,408,43.0,2,13,12.24,188.0,-110.0,65.0,-58.0
220,110.88,27.2108,20.175,-9.66,300,51.5,14,9,5.88,122.0,-37.0,45.0,-25.0
221,55.28,15.985,11.705,-4.2,326,38.0,3,10,9.78,137.0,-94.5,50.0,-47.0
222,77.11,19.332,11.975,-7.15,222,33.0,2,6,4.11,87.0,-25.0,30.0,-19.0
223,118.21,30.6222,22.47,-7.55,240,59.0,2,10,6.21,129.0,-39.0,50.0,-28.0
224,120.53,24.2554,11.655,-7.55,351,33.0,2,10,10.53,191.0,-80.0,50.0,-51.0
225,153.7,19.8616,11.87,-9.33,540,36.0,2,14,16.2,279.0,-130.5,70.0,-81.0
226,155.8,26.306,16.985,-13.15,410,42.5,5,18,12.3,211.0,-99.5,90.0,-58.0
227,180.71,26.0308,17.245,-4.69,507,51.0,2,14,15.21,282.0,-112.5,70.0,-74.0
228,185.87,23.1034,10.625,-5.16,479,46.5,2,13,14.37,278.0,-100.5,65.0,-71.0
229,109.37,23.2228,15.42,-3.73,229,37.5,5,9,6.87,136.0,-46.5,45.0,-32.0
230,101.86,26.8266,19.62,-6.66,244,64.5,9,8,6.36,127.0,-42.5,40.0,-29.0
231,104.09,35.8498,28.13,-2.23,370,98.0,9,11,6.09,113.0,-45.0,55.0,-25.0
232,149.01,26.7552,22.245,-2.3,305,49.0,7,14,8.01,159.0,-54.0,70.0,-34.0
233,180.73,26.7186,17.23,-2.23,391,45.0,2,12,11.73,241.0,-75.0,60.0,-57.0
234,59.27,18.8578,13.715,-5.02,159,55.0,2,6,4.77,84.0,-37.5,30.0,-22.0
235,82.49,25.6604,18.26,-6.52,161,53.0,2,8,3.99,82.0,-25.5,40.0,-18.0
236,122.02,29.324,21.485,-2.23,234,54.0,9,12,7.02,136.0,-49.0,60.0,-32.0
237,73.0,19.7416,16.115,-2.23,250,41.0,2,5,7.5,135.0,-57.5,25.0,-37.0
238,148.43,28.3968,22.07,-5.93,381,59.0,2,13,11.43,211.0,-85.0,65.0,-54.0
239,161.28,26.7414,18.25,-2.23,326,44.5,2,19,9.78,175.0,-75.5,95.0,-43.0
240,142.63,26.3936,18.415,-2.16,240,51.0,9,13,6.63,139.0,-41.0,65.0,-27.0
241,145.1,29.038,18.345,-4.69,270,56.5,2,11,8.1,170.0,-50.0,55.0,-38.0
242,154.01,29.7524,20.555,-2.37,317,61.0,9,16,9.51,178.0,-69.5,80.0,-44.0
243,110.83,23.1798,19.47,-5.51,211,55.5,7,10,6.33,126.0,-42.5,50.0,-29.0
244,117.06,24.6196,16.31,-2.7,352,35.5,2,15,10.56,171.0,-90.5,75.0,-49.0
245,133.29,29.4744,22.835,-6.87,293,44.0,6,14,8.79,160.0,-66.5,70.0,-39.0
246,176.89,31.897,17.745,-3.73,563,44.0,7,21,16.89,279.0,-142.0,105.0,-82.0
247,128.97,27.5238,21.535,-4.2,349,56.5,2,11,10.47,192.0,-78.5,55.0,-50.0
248,139.93,26.0266,16.315,-3.05,381,45.5,2,15,11.43,198.0,-91.5,75.0,-53.0
249,110.67,24.6616,17.47,-6.07,301,41.5,9,12,5.67,109.0,-40.0,60.0,-24.0
250,131.03,27.5506,18.05,-7.76,401,57.0,9,13,12.03,209.0,-96.0,65.0,-59.0
251,111.03,23.4714,16.07,-5.16,300,44.5,9,9,6.03,125.0,-38.0,45.0,-27.0
252,180.28,28.4682,17.31,-2.23,426,45.0,2,16,12.78,241.0,-92.5,80.0,-61.0
253,69.79,15.8802,11.125,-3.73,143,39.5,9,7,4.29,80.0,-31.5,35.0,-18.0
254,111.39,25.6642,15.345,-15.61,313,62.0,2,8,9.39,177.0,-68.0,40.0,-47.0
255,102.4,20.727,10.57,-4.55,241,42.0,2,8,3.9,93.0,-18.5,40.0,-16.0
256,119.61,20.5026,14.685,-9.33,208,37.5,9,8,5.61,129.0,-29.0,40.0,-26.0
257,91.42,20.0452,12.07,-2.84,148,25.5,2,6,3.42,86.0,-14.0,30.0,-14.0
258,131.29,27.9974,19.575,-2.37,222,37.5,9,12,5.79,124.0,-34.5,60.0,-24.0
259,69.98,22.5726,19.435,-5.37,172,38.5,7,6,3.48,73.0,-21.5,30.0,-15.0
260,116.07,28.8804,23.86,-2.23,252,42.5,9,9,5.07,115.0,-27.0,45.0,-22.0
261,134.49,17.367,9.42,-4.69,283,21.0,2,13,8.49,159.0,-62.0,65.0,-36.0
262,129.03,22.8208,15.935,-6.43,251,39.0,6,12,7.53,146.0,-52.5,60.0,-32.0
263,160.04,24.4568,9.795,-3.33,318,37.5,9,16,9.54,181.0,-68.5,80.0,-42.0
264,307.54,29.0936,16.64,-11.3,518,57.0,9,26,15.54,326.0,-96.0,130.0,-68.0
265,139.97,16.7336,7.675,-8.65,299,32.0,2,11,8.97,179.0,-60.0,55.0,-43.0
266,114.65,22.567,13.43,-23.95,375,45.0,2,15,7.65,129.0,-63.0,75.0,-34.0
267,122.99,17.8436,9.525,-12.31,283,27.0,2,8,8.49,172.0,-55.5,40.0,-42.0
268,92.93,22.3692,13.55,-3.3,216,38.0,9,8,3.93,87.0,-22.0,40.0,-16.0
269,146.15,28.038,16.74,-7.55,355,43.5,2,18,10.65,180.0,-87.5,90.0,-47.0
270,127.98,22.478,14.165,-2.23,266,45.0,2,10,7.98,160.0,-53.0,50.0,-37.0
271,190.45,28.0284,22.51,-3.73,565,51.5,2,18,16.95,298.0,-133.5,90.0,-81.0
272,90.25,22.9818,14.745,-12.47,239,50.5,2,10,6.75,118.0,-53.5,50.0,-31.0
273,159.38,27.644,13.445,-4.29,388,42.5,9,16,10.38,194.0,-76.0,80.0,-49.0
274,129.62,30.5518,19.445,-8.3,362,51.5,9,14,7.62,142.0,-56.0,70.0,-34.0
275,190.95,32.5392,14.735,-4.55,465,56.5,10,21,13.95,245.0,-110.0,105.0,-63.0
276,113.06,19.031,10.525,-7.55,255,43.0,9,5,7.56,163.0,-44.5,25.0,-38.0
277,109.12,34.0966,26.055,-3.73,317,71.0,2,11,7.62,139.0,-57.5,55.0,-35.0
278,91.96,27.734,18.66,-18.47,242,60.0,2,8,6.96,130.0,-51.0,40.0,-34.0
279,299.87,28.3612,16.735,-6.19,579,47.0,2,31,17.37,330.0,-124.5,155.0,-78.0
280,122.45,24.0228,14.86,-7.15,365,51.5,2,14,10.95,184.0,-90.5,70.0,-52.0
281,84.78,16.1304,9.255,-4.55,326,33.0,5,8,9.78,164.0,-81.0,40.0,-48.0
282,145.1,16.6852,11.39,-5.23,320,38.5,2,14,9.6,179.0,-70.5,70.0,-43.0
283,183.2,29.551,19.26,-6.19,340,57.5,9,17,10.2,202.0,-69.0,85.0,-45.0
284,75.19,20.0376,18.01,-1.55,223,46.5,9,8,6.69,114.0,-54.5,40.0,-31.0
285,83.6,22.5278,19.095,-5.51,261,49.5,2,6,6.6,126.0,-47.0,30.0,-32.0
286,211.37,33.0958,16.175,-6.05,429,67.0,2,21,12.87,244.0,-92.5,105.0,-58.0
287,154.62,27.8868,15.57,-6.05,274,65.5,2,14,7.62,158.0,-48.0,70.0,-33.0
288,158.62,28.3102,20.235,-6.47,354,46.0,2,11,10.62,214.0,-70.0,55.0,-51.0
289,103.58,27.3332,20.145,-8.93,186,54.0,2,10,5.58,110.0,-38.0,50.0,-24.0
290,88.94,16.8896,11.845,-7.55,148,31.5,9,7,4.44,95.0,-26.5,35.0,-19.0
291,198.3,26.5734,14.155,-2.23,360,34.5,2,17,10.8,221.0,-69.5,85.0,-49.0
292,91.38,28.7112,21.47,-2.23,172,51.5,7,7,2.88,75.0,-10.5,35.0,-11.0
293,122.88,26.829,15.165,-4.01,211,32.0,7,9,4.38,109.0,-18.5,45.0,-17.0
294,147.87,29.3026,19.935,-2.23,239,50.0,2,11,6.87,153.0,-38.0,55.0,-29.0
295,130.83,28.0514,18.415,-6.05,213,41.5,9,14,6.33,124.0,-43.5,70.0,-26.0
296,177.82,28.3114,14.345,-8.11,294,46.0,9,13,8.82,194.0,-50.0,65.0,-40.0
297,94.37,23.051,14.755,-14.79,227,38.0,7,8,3.87,88.0,-20.5,40.0,-17.0
298,107.38,25.805,18.27,-4.55,196,36.5,2,12,5.88,109.0,-43.5,60.0,-24.0
299,100.3,22.3988,18.615,-3.73,210,40.5,2,9,6.3,122.0,-44.0,45.0,-29.0
300,100.79,27.6646,21.49,-2.23,193,46.0,9,8,5.79,119.0,-37.0,40.0,-27.0
301,158.66,27.2934,14.075,-6.05,322,30.5,7,14,9.66,190.0,-66.0,70.0,-45.0
302,124.04,23.1986,18.645,-3.28,368,31.5,9,8,11.04,208.0,-80.0,40.0,-55.0
303,230.57,31.9696,22.165,-2.23,419,45.5,9,19,12.57,261.0,-79.0,95.0,-59.0
304,108.6,29.9566,17.92,-4.01,245,40.5,9,11,5.1,103.0,-33.5,55.0,-21.0
305,105.97,25.2486,17.5,-4.69,249,41.0,6,11,7.47,134.0,-57.5,55.0,-33.0
306,116.09,28.7638,20.74,-2.7,275,43.5,9,9,6.09,129.0,-37.0,45.0,-27.0
307,101.74,24.8014,20.625,-5.23,208,34.5,2,8,6.24,125.0,-41.5,40.0,-28.0
308,124.8,24.344,18.9,-2.37,163,30.0,9,12,4.8,106.0,-27.0,60.0,-19.0
309,126.71,25.4562,15.0,-6.05,257,36.5,3,8,7.71,163.0,-47.0,40.0,-37.0
310,183.03,24.8612,11.81,-7.48,301,37.0,4,16,9.03,189.0,-56.0,80.0,-39.0
311,127.14,32.7818,26.615,-2.23,240,62.0,2,11,7.14,144.0,-47.0,55.0,-32.0
312,125.32,24.8864,18.935,-3.73,294,38.0,2,9,8.82,173.0,-60.5,45.0,-41.0
313,138.37,28.6472,21.14,-1.01,229,39.0,9,12,6.87,144.0,-42.5,60.0,-30.0
314,186.4,29.048,15.925,-7.55,280,33.0,2,16,8.4,182.0,-49.0,80.0,-35.0
315,96.85,23.1268,18.49,-3.87,245,32.0,2,7,7.35,142.0,-51.5,35.0,-36.0
316,101.37,22.3732,22.645,-3.87,229,40.5,2,9,6.87,130.0,-49.5,45.0,-31.0
317,158.88,32.9656,23.885,-10.01,396,47.0,2,17,11.88,210.0,-93.0,85.0,-55.0
318,135.74,29.5168,23.145,-2.23,258,48.0,9,10,7.74,162.0,-48.0,50.0,-36.0
319,158.27,29.7178,22.39,-7.83,259,51.5,9,12,7.77,170.0,-44.5,60.0,-35.0
320,127.79,30.2406,21.635,-2.23,293,36.5,5,11,8.79,169.0,-62.0,55.0,-43.0
321,160.48,29.7652,15.135,-7.55,379,39.0,9,13,6.48,150.0,-33.0,65.0,-28.0
322,169.48,26.3546,12.515,-7.55,316,38.0,9,16,9.48,186.0,-65.0,80.0,-41.0
323,98.74,22.9402,18.815,-5.7,258,44.0,3,11,7.74,134.0,-62.0,55.0,-36.0
324,133.98,26.3368,18.405,-6.05,316,52.5,2,8,9.48,193.0,-61.5,40.0,-47.0
325,88.38,26.316,21.245,-2.7,200,45.5,9,5,5.88,123.0,-36.5,25.0,-29.0
326,145.64,30.695,20.345,-3.73,258,47.5,9,15,7.14,141.0,-48.5,75.0,-29.0
327,97.69,28.7574,20.58,-4.55,323,40.0,2,10,9.69,165.0,-79.0,50.0,-48.0
328,89.98,23.078,14.19,-0.87,258,47.0,13,9,6.48,117.0,-49.5,45.0,-29.0
329,111.56,26.3758,16.77,-2.37,252,43.5,2,9,7.56,148.0,-52.0,45.0,-37.0
330,101.15,25.5028,15.73,-2.23,311,45.0,2,10,6.15,117.0,-44.0,50.0,-28.0
331,81.91,27.9128,21.725,-7.34,215,47.5,9,6,4.41,94.0,-26.5,30.0,-20.0
332,90.67,26.9586,25.43,-2.23,214,52.0,9,4,5.67,125.0,-32.0,20.0,-28.0
333,80.86,23.682,21.875,-7.55,193,47.0,9,7,4.86,96.0,-33.0,35.0,-22.0
334,75.0,25.21,19.56,-7.55,152,37.0,9,7,4.5,87.0,-31.5,35.0,-20.0
335,110.96,27.3118,19.235,-2.23,182,50.0,2,10,5.46,113.0,-34.5,50.0,-23.0
336,133.66,33.8024,23.415,-2.23,336,50.5,3,10,8.16,167.0,-52.5,50.0,-39.0
337,199.03,30.9388,17.08,-2.84,401,43.0,2,16,12.03,241.0,-80.0,80.0,-54.0
338,112.03,26.7254,19.87,-4.55,234,39.5,7,10,6.03,121.0,-40.0,50.0,-25.0
339,142.9,31.176,22.935,2.13,230,52.5,9,11,6.9,150.0,-40.0,55.0,-29.0
340,101.83,22.6832,16.385,-6.19,220,39.0,7,7,4.83,109.0,-26.0,35.0,-21.0
341,94.66,21.6014,14.805,-9.85,172,45.0,2,10,5.16,99.0,-36.5,50.0,-23.0
342,168.35,23.7132,15.13,-7.15,245,39.0,7,13,7.35,167.0,-39.0,65.0,-32.0
343,104.32,23.8494,16.305,-3.05,265,45.5,2,11,4.32,90.0,-27.0,55.0,-18.0
344,138.88,30.7606,21.225,-2.23,264,34.0,2,15,5.88,120.0,-38.0,75.0,-24.0
345,92.06,26.444,20.76,1.21,205,41.5,7,7,4.56,99.0,-26.5,35.0,-20.0
346,157.1,28.5982,18.74,-2.23,420,30.5,9,13,12.6,235.0,-92.5,65.0,-63.0
347,92.58,23.657,15.985,-0.05,236,37.5,2,7,7.08,135.0,-50.5,35.0,-34.0
348,121.9,20.9584,15.27,-5.84,223,41.0,9,10,3.9,98.0,-16.0,50.0,-14.0
349,99.6,22.1236,14.095,-0.94,320,27.0,2,10,9.6,164.0,-78.0,50.0,-46.0
350,147.05,24.5388,12.69,-3.73,266,26.5,5,16,7.05,137.0,-49.0,80.0,-28.0
351,78.09,20.4662,18.085,-4.69,189,46.5,8,7,3.09,69.0,-17.0,35.0,-12.0
352,95.8,30.2086,23.955,-6.05,241,45.0,2,9,6.3,119.0,-45.5,45.0,-29.0
353,151.16,25.5256,16.02,-7.55,315,31.0,2,15,8.16,160.0,-56.0,75.0,-36.0
354,141.06,19.4848,11.19,-6.66,352,35.0,2,13,10.56,195.0,-78.5,65.0,-51.0
355,96.38,23.5316,16.065,-6.54,270,41.5,2,7,4.38,100.0,-23.0,35.0,-20.0
356,150.08,24.8944,19.235,-7.55,386,49.5,2,17,11.58,201.0,-92.5,85.0,-55.0
357,84.54,21.4486,16.03,-6.05,169,59.0,2,8,5.04,97.0,-35.5,40.0,-22.0
358,124.1,21.1892,15.505,-11.65,180,49.0,2,11,3.6,91.0,-14.5,55.0,-11.0
359,162.68,21.1032,12.06,0.21,306,35.5,2,12,9.18,193.0,-56.5,60.0,-43.0
360,95.84,22.8824,16.125,-4.55,228,46.0,2,6,6.84,138.0,-45.0,30.0,-34.0
361,155.16,26.9724,19.07,-6.19,383,51.0,9,13,8.16,170.0,-51.0,65.0,-37.0
362,144.73,25.3334,13.88,-2.65,341,45.0,4,12,10.23,196.0,-72.5,60.0,-49.0
363,124.38,23.4938,15.905,-11.65,446,46.5,2,19,13.38,202.0,-122.0,95.0,-64.0
364,98.22,19.8048,12.63,-10.33,185,45.0,2,8,3.72,87.0,-18.5,40.0,-14.0
365,117.38,26.5256,21.215,-2.23,246,55.5,2,14,7.38,130.0,-58.0,70.0,-32.0
366,102.36,22.9678,15.065,-2.7,262,38.0,2,10,7.86,141.0,-60.5,50.0,-36.0
367,95.79,20.6654,13.175,-6.05,244,38.5,2,10,5.79,109.0,-42.0,50.0,-27.0
368,121.15,22.588,16.915,-10.01,219,55.0,5,12,4.65,102.0,-26.5,60.0,-19.0
369,115.56,29.1628,23.415,-10.83,272,51.5,2,11,6.06,121.0,-40.5,55.0,-26.0
370,134.93,23.738,13.16,-4.55,281,34.0,2,16,8.43,150.0,-65.5,80.0,-38.0
371,121.81,25.6286,15.1,-2.7,207,40.0,2,9,5.31,122.0,-27.5,45.0,-23.0
372,108.65,24.6346,14.93,-5.76,210,48.5,2,10,6.15,122.0,-41.5,50.0,-28.0
373,122.21,30.9566,22.81,-4.55,307,51.0,10,11,9.21,171.0,-68.0,55.0,-45.0
374,72.33,17.7312,9.73,-3.66,191,33.0,2,6,3.33,73.0,-19.0,30.0,-15.0
375,96.83,21.4558,12.38,-6.75,162,62.0,2,10,4.83,95.0,-33.0,50.0,-20.0
376,116.61,25.5202,15.745,-3.29,337,36.5,7,9,10.11,186.0,-75.5,45.0,-49.0
377,103.04,23.308,16.97,-8.15,251,49.0,2,9,5.04,106.0,-31.0,45.0,-22.0
378,82.43,23.5322,19.37,-4.55,196,42.5,9,7,3.93,84.0,-23.5,35.0,-17.0
379,132.17,20.592,11.765,-5.65,271,36.0,2,13,5.67,120.0,-34.5,65.0,-24.0
380,114.04,25.1206,15.065,-1.69,207,43.5,2,13,5.04,98.0,-35.0,65.0,-19.0
381,77.04,25.1598,20.28,-1.2,230,45.0,2,9,3.54,67.0,-25.5,45.0,-13.0
382,116.16,27.6222,19.635,-6.8,210,43.0,2,10,5.16,112.0,-30.0,50.0,-21.0
383,102.91,24.5682,17.49,-9.56,312,49.5,2,8,5.91,121.0,-38.0,40.0,-26.0
384,119.93,21.0184,11.81,-6.19,281,36.0,2,12,8.43,154.0,-63.5,60.0,-39.0
385,115.24,24.6968,16.67,-0.94,208,40.0,2,10,6.24,128.0,-40.0,50.0,-29.0
386,145.76,20.8882,13.2,-2.98,354,45.0,2,15,5.76,122.0,-35.0,75.0,-22.0
387,112.09,21.5636,13.655,-10.83,353,44.0,2,8,10.59,194.0,-79.5,40.0,-53.0
388,105.03,19.6266,11.86,-2.7,181,28.0,7,11,3.03,71.0,-15.0,55.0,-9.0
389,177.21,20.639,12.925,0.49,507,31.5,2,18,15.21,267.0,-120.0,90.0,-75.0
390,79.98,20.0942,16.795,-10.15,274,45.0,2,7,4.98,98.0,-34.0,35.0,-24.0
391,102.18,20.4528,12.33,-3.66,201,44.0,2,8,4.68,103.0,-26.5,40.0,-19.0
392,124.3,28.8472,19.425,-5.13,247,48.0,5,12,4.8,105.0,-27.5,60.0,-18.0
393,74.13,18.5484,12.96,-19.0,211,42.0,2,8,3.63,70.0,-25.5,40.0,-14.0
394,153.75,20.4278,13.22,-7.9,425,28.5,2,15,12.75,225.0,-100.0,75.0,-59.0
395,133.69,21.6156,14.85,-4.55,319,43.5,2,13,6.69,135.0,-44.0,65.0,-29.0
396,100.19,27.1116,19.535,-7.69,172,51.5,9,9,3.69,84.0,-19.5,45.0,-13.0
397,71.65,19.2448,13.075,-2.23,255,39.0,9,7,7.65,129.0,-63.0,35.0,-37.0
398,116.48,20.9576,13.77,-13.15,381,40.0,2,10,6.48,132.0,-42.0,50.0,-30.0
399,148.87,30.1688,17.19,-2.23,329,37.0,9,12,9.87,193.0,-68.0,60.0,-46.0
400,93.04,22.0898,14.055,-0.65,254,33.5,2,5,5.04,114.0,-27.0,25.0,-24.0
401,104.48,20.8794,14.495,-7.15,166,48.5,9,8,4.98,109.0,-28.5,40.0,-21.0
402,166.17,30.3026,20.7,-2.7,539,44.0,2,19,16.17,269.0,-135.0,95.0,-79.0
403,92.79,21.4806,16.935,-3.66,192,27.5,2,11,4.29,80.0,-31.5,55.0,-15.0
404,83.92,20.3712,18.385,-4.83,164,29.5,2,7,4.92,100.0,-32.0,35.0,-24.0
405,87.01,23.8892,21.39,0.3,215,45.5,9,6,5.01,107.0,-30.0,30.0,-25.0
406,91.35,26.299,21.13,-9.05,215,53.0,9,7,4.35,95.0,-25.0,35.0,-18.0
407,77.6,23.893,21.105,-5.51,190,45.0,9,5,3.6,84.0,-18.0,25.0,-17.0
408,116.01,29.026,21.455,-4.69,185,53.5,2,11,5.01,107.0,-30.0,55.0,-21.0
409,150.82,27.3232,17.265,-4.55,269,37.5,2,14,7.32,151.0,-46.5,70.0,-31.0
410,102.87,22.831,16.14,-0.05,219,35.0,9,9,3.87,89.0,-20.0,45.0,-15.0
411,74.83,18.6012,13.805,-7.69,339,30.5,7,7,6.33,112.0,-49.5,35.0,-29.0
412,93.1,21.5914,13.545,-9.19,202,33.0,2,9,3.6,79.0,-20.5,45.0,-14.0
413,136.82,21.2902,13.755,-1.2,259,28.0,2,12,5.82,128.0,-33.0,60.0,-24.0
414,149.83,30.967,21.81,-4.55,220,51.0,2,12,6.33,144.0,-33.5,60.0,-27.0
415,85.36,20.954,17.25,-4.55,169,32.5,5,8,3.36,74.0,-19.0,40.0,-13.0
416,180.33,24.9254,15.155,-4.69,261,44.5,9,18,7.83,164.0,-48.5,90.0,-33.0
417,136.16,25.5178,20.12,-2.7,222,41.0,2,11,6.66,143.0,-39.5,55.0,-29.0
418,76.31,20.3612,12.925,-3.42,194,42.5,9,8,3.81,76.0,-25.5,40.0,-18.0
419,89.57,18.7144,10.48,-10.59,168,35.0,2,7,3.57,83.0,-18.0,35.0,-14.0
420,89.73,24.3534,14.72,-10.15,252,35.5,2,7,5.73,115.0,-38.0,35.0,-28.0
421,133.94,27.2246,23.38,-7.15,398,45.0,4,16,11.94,198.0,-100.0,80.0,-56.0
422,145.94,29.3388,22.055,-6.05,348,53.0,10,10,10.44,207.0,-70.5,50.0,-51.0
423,65.14,18.1106,10.51,-7.29,160,31.5,9,3,4.14,90.0,-24.0,15.0,-20.0
424,110.18,21.76,16.455,-7.55,256,30.0,2,10,7.68,145.0,-55.5,50.0,-37.0
425,78.11,23.0762,18.26,-6.05,182,44.5,7,8,2.61,60.0,-13.5,40.0,-11.0
426,72.7,19.0406,12.725,-6.05,198,42.0,9,5,5.7,110.0,-40.0,25.0,-28.0
427,119.68,22.0938,15.8,-4.55,206,45.0,9,10,6.18,129.0,-38.5,50.0,-27.0
428,136.26,26.0372,21.705,-8.29,292,45.5,9,12,8.76,169.0,-61.5,60.0,-40.0
429,102.63,19.7338,10.265,-6.05,221,37.0,2,10,6.63,125.0,-48.0,50.0,-31.0
430,113.38,20.1558,17.455,-12.75,203,48.5,2,12,5.88,113.0,-41.5,60.0,-24.0
431,85.87,16.8388,11.2,-10.01,179,33.0,2,6,5.37,110.0,-34.5,30.0,-25.0
432,97.53,24.7464,17.435,-6.05,262,51.5,2,8,7.53,141.0,-55.0,40.0,-36.0
433,186.9,26.403,13.78,-5.65,280,39.0,9,17,8.4,179.0,-50.5,85.0,-35.0
434,113.82,26.0152,15.115,-3.19,193,35.5,7,11,4.32,97.0,-23.5,55.0,-19.0
435,86.09,22.3254,16.605,-6.05,203,31.0,2,6,6.09,121.0,-41.0,30.0,-30.0
436,68.71,13.5764,8.95,-3.19,230,29.5,2,6,3.21,68.0,-19.5,30.0,-13.0
437,144.19,19.9,10.265,-3.05,173,42.5,2,11,5.19,127.0,-23.0,55.0,-20.0
438,187.48,29.9594,20.43,-2.7,466,46.5,2,20,13.98,247.0,-109.5,100.0,-64.0
439,99.05,20.6662,14.095,-4.55,285,27.0,2,8,8.55,158.0,-63.5,40.0,-44.0
440,129.93,19.0352,10.38,-5.14,181,32.5,2,13,5.43,114.0,-33.5,65.0,-21.0
441,122.09,24.49,18.48,-0.94,203,37.0,2,10,6.09,129.0,-37.0,50.0,-26.0
442,79.05,18.46,14.87,-1.55,115,30.5,9,6,2.55,66.0,-9.5,30.0,-10.0
443,90.39,22.4702,15.305,-5.84,167,31.0,2,7,3.39,81.0,-16.0,35.0,-13.0
444,112.21,21.9666,17.615,-8.25,207,38.0,2,10,6.21,125.0,-41.0,50.0,-28.0
445,118.55,25.1398,17.4,-4.08,185,40.0,2,10,5.55,119.0,-33.0,50.0,-23.0
446,108.98,28.1938,23.755,-1.69,166,53.0,2,13,4.98,94.0,-36.0,65.0,-19.0
447,132.5,19.9556,15.28,-6.05,200,27.0,2,11,6.0,131.0,-34.5,55.0,-25.0
448,86.64,21.5798,16.45,-4.55,171,33.0,2,8,4.14,87.0,-25.5,40.0,-19.0
449,164.58,24.361,19.395,-2.3,286,36.0,2,9,8.58,196.0,-45.0,45.0,-40.0
450,88.18,25.8492,15.08,-3.87,142,36.5,2,8,3.18,74.0,-16.0,40.0,-13.0
451,90.28,27.5026,22.115,-0.94,162,45.0,2,7,3.78,87.0,-19.5,35.0,-16.0
452,78.83,19.5142,13.175,-4.55,111,28.5,8,5,3.33,80.0,-15.5,25.0,-14.0
453,100.13,23.8242,18.045,-10.29,133,37.0,2,7,3.63,92.0,-14.5,35.0,-16.0
454,179.41,22.4378,15.82,-4.55,247,26.5,9,12,7.41,179.0,-34.0,60.0,-33.0
455,97.57,28.1146,17.825,2.06,231,33.5,2,7,5.07,110.0,-29.5,35.0,-23.0
456,113.17,28.7888,22.375,-2.7,245,41.0,4,8,5.67,126.0,-31.5,40.0,-27.0
457,92.07,23.0318,17.675,-2.16,183,38.0,8,11,5.07,91.0,-39.0,55.0,-20.0
458,65.26,22.4096,17.915,-4.69,242,37.0,3,2,7.26,138.0,-52.0,10.0,-38.0
459,71.96,19.2604,11.95,-2.7,199,41.0,2,7,2.46,57.0,-12.5,35.0,-10.0
460,58.37,16.5596,13.725,-6.05,133,25.5,2,5,2.37,53.0,-13.0,25.0,-9.0
461,106.93,26.2834,18.985,-2.7,268,33.0,2,10,2.43,68.0,-6.5,50.0,-7.0
462,94.2,17.5162,9.645,-1.69,190,22.5,2,8,5.7,113.0,-38.5,40.0,-26.0
463,107.01,24.2372,17.955,-5.39,207,41.5,4,9,3.51,86.0,-15.5,45.0,-12.0
464,77.97,22.6046,15.425,-1.2,185,27.0,4,6,2.97,71.0,-14.0,30.0,-12.0
465,81.98,21.3762,14.615,-2.7,366,24.0,2,8,10.98,180.0,-93.0,40.0,-56.0
466,95.78,18.8466,13.135,-4.55,226,46.0,4,10,6.78,122.0,-52.0,50.0,-31.0
467,74.93,20.746,15.62,-5.84,271,32.5,4,7,5.43,100.0,-40.5,35.0,-25.0
468,48.6,14.2244,10.71,-6.05,211,27.0,9,4,5.1,89.0,-40.5,20.0,-25.0
469,91.05,16.9788,12.165,-7.55,412,45.5,8,9,8.55,148.0,-68.5,45.0,-42.0
470,74.38,16.1722,8.65,-0.73,207,38.0,7,9,4.38,78.0,-34.0,45.0,-19.0
471,51.81,10.9354,6.805,-7.15,140,34.5,2,4,3.81,73.0,-27.0,20.0,-18.0
472,148.97,18.8414,12.6,-8.98,349,38.5,9,12,10.47,204.0,-72.5,60.0,-53.0
473,95.57,18.6806,13.46,-7.24,269,58.5,9,12,8.07,134.0,-67.5,60.0,-39.0
474,102.88,19.3798,11.565,-6.19,346,51.5,2,7,10.38,189.0,-78.5,35.0,-53.0
475,83.52,15.5614,8.505,-9.61,364,49.0,8,7,7.02,129.0,-52.5,35.0,-35.0
476,56.24,14.4056,8.11,-7.78,230,49.5,2,5,3.24,64.0,-22.0,25.0,-14.0
477,89.63,14.5882,8.33,-10.29,240,47.0,8,8,5.13,102.0,-34.5,40.0,-23.0
478,76.65,17.753,12.845,-8.03,355,43.0,9,6,10.65,179.0,-88.0,30.0,-55.0
479,93.39,24.0014,19.02,-1.2,313,61.0,2,8,9.39,165.0,-74.0,40.0,-47.0
480,91.11,18.2432,13.63,-4.55,287,36.5,7,7,8.61,156.0,-65.5,35.0,-43.0
481,72.69,16.7476,11.44,-7.69,260,54.5,9,4,5.19,106.0,-33.5,20.0,-25.0
482,91.41,19.3402,12.365,-11.3,347,56.0,10,8,10.41,179.0,-84.0,40.0,-54.0
483,59.63,12.6034,8.38,-7.55,321,45.0,2,5,9.63,157.0,-82.0,25.0,-50.0
484,107.97,18.5952,14.24,-4.55,449,53.0,2,12,13.47,218.0,-115.5,60.0,-68.0
485,57.83,15.4996,9.285,-9.12,223,46.0,2,4,4.83,91.0,-35.0,20.0,-23.0
486,85.45,14.9784,9.645,-5.51,265,43.5,2,9,7.95,136.0,-64.5,45.0,-39.0
487,68.01,16.2232,13.95,-12.85,252,51.0,9,4,6.51,122.0,-47.5,20.0,-33.0
488,52.68,13.0926,10.6,-17.93,214,60.5,9,3,6.18,111.0,-47.5,15.0,-32.0
489,81.6,17.6522,11.16,-4.55,271,53.5,9,6,5.1,103.0,-33.5,30.0,-23.0
490,99.8,19.34,8.74,-9.19,286,46.5,2,5,6.3,137.0,-36.5,25.0,-32.0
491,89.92,15.0574,9.01,-7.22,414,55.5,7,7,12.42,209.0,-102.5,35.0,-64.0
492,89.18,19.0914,13.445,-8.04,356,62.0,9,9,10.68,177.0,-89.5,45.0,-54.0
493,45.75,8.3002,4.755,-9.94,221,45.0,9,5,5.25,86.0,-44.5,25.0,-26.0
494,58.84,17.4022,13.96,-12.3,246,72.0,2,5,5.34,95.0,-41.5,25.0,-25.0
495,85.91,20.5944,15.805,-15.23,445,67.0,9,4,7.41,146.0,-50.5,20.0,-37.0
496,95.04,22.5266,10.445,-3.73,294,46.5,9,12,8.04,132.0,-68.0,60.0,-37.0
497,128.41,21.2166,16.22,-8.95,263,70.5,9,13,7.41,141.0,-53.0,65.0,-32.0
498,75.03,23.1218,19.54,-11.79,403,71.0,9,9,6.03,101.0,-50.0,45.0,-27.0
499,88.69,15.7698,10.845,-20.83,323,45.5,2,8,9.69,167.0,-78.0,40.0,-50.0
500,115.01,23.087,15.55,-4.55,292,65.5,2,11,8.01,149.0,-59.0,55.0,-38.0
501,86.77,22.0806,12.81,-8.51,259,68.5,4,4,7.77,153.0,-53.0,20.0,-41.0
502,113.0,17.741,11.07,-12.63,269,54.0,9,11,7.5,141.0,-54.5,55.0,-36.0
503,70.44,17.6348,10.485,-7.85,273,40.0,9,7,7.44,126.0,-61.0,35.0,-37.0
504,70.53,14.797,9.56,-4.01,251,33.0,5,6,7.53,131.0,-60.0,30.0,-38.0
505,77.61,12.1404,5.52,-4.2,272,20.0,2,9,7.11,118.0,-59.5,45.0,-33.0
506,104.59,23.1342,14.1,-6.19,386,53.0,9,6,6.09,134.0,-34.5,30.0,-31.0
507,77.28,15.0184,10.78,-12.33,263,45.5,9,6,6.78,125.0,-50.5,30.0,-34.0
508,88.2,17.7328,13.415,-8.65,340,44.0,9,7,10.2,176.0,-82.0,35.0,-51.0
509,101.66,15.6922,8.795,-8.51,254,45.5,8,8,5.16,111.0,-30.5,40.0,-24.0
510,73.0,20.196,15.94,-7.71,250,46.0,2,9,7.5,121.0,-64.5,45.0,-36.0
511,86.44,12.0854,5.215,-6.8,498,38.0,5,14,14.94,217.0,-140.5,70.0,-75.0
512,57.31,13.5146,6.23,-7.55,172,32.0,9,6,2.31,49.0,-14.0,30.0,-10.0
513,106.97,22.0854,15.03,-9.19,385,67.5,5,10,10.47,182.0,-83.5,50.0,-52.0
514,113.92,20.51,10.84,-13.76,314,59.5,9,10,9.42,171.0,-71.5,50.0,-45.0
515,128.09,19.4646,13.725,-6.53,353,48.5,9,13,10.59,188.0,-82.5,65.0,-53.0
516,86.16,20.947,12.11,-2.23,232,56.5,9,6,6.66,129.0,-46.5,30.0,-33.0
517,91.56,18.94,12.745,-7.55,352,55.5,10,5,10.56,192.0,-80.0,25.0,-56.0
518,66.3,17.8602,10.22,-4.34,229,57.5,2,6,6.3,110.0,-50.0,30.0,-30.0
519,75.68,16.8206,8.145,-6.19,516,37.0,2,7,4.68,90.0,-33.0,35.0,-21.0
520,64.56,16.2374,9.7,-10.19,191,50.5,2,4,4.56,92.0,-30.0,20.0,-22.0
521,85.43,16.5028,8.465,-6.8,272,52.0,2,7,5.43,107.0,-37.0,35.0,-25.0
522,70.05,16.4198,11.425,-7.83,235,46.5,9,7,7.05,121.0,-57.0,35.0,-36.0
523,94.63,20.3834,13.67,-12.8,281,64.0,9,9,6.63,123.0,-49.0,45.0,-31.0
524,137.68,24.6432,16.25,-10.22,406,58.0,5,14,12.18,211.0,-97.5,70.0,-58.0
525,126.04,23.2722,12.63,-9.89,418,78.5,9,14,12.54,209.0,-104.5,70.0,-61.0
526,192.66,20.566,14.365,-7.55,472,61.5,2,17,14.16,265.0,-103.5,85.0,-68.0
527,87.81,12.733,3.57,-7.15,270,33.0,5,7,6.81,129.0,-49.0,35.0,-34.0
528,96.08,19.9946,12.845,-6.05,236,34.0,2,7,7.08,138.0,-49.0,35.0,-35.0
529,131.87,15.8908,9.47,-8.51,229,53.5,3,11,6.87,143.0,-43.0,55.0,-30.0
530,143.74,20.0408,10.05,-4.83,258,54.5,2,12,7.74,160.0,-49.0,60.0,-35.0
531,72.98,17.972,16.985,-6.05,266,53.5,2,5,7.98,142.0,-62.0,25.0,-40.0
532,74.72,18.2378,15.175,-8.41,229,54.5,5,7,5.22,97.0,-38.5,35.0,-24.0
533,88.79,21.8706,17.405,-9.4,247,58.5,3,8,5.79,111.0,-41.0,40.0,-27.0
534,66.9,16.1374,9.26,-7.55,247,36.5,2,3,3.9,88.0,-21.0,15.0,-19.0
535,75.33,24.0848,17.0,-10.15,231,54.5,9,7,3.33,71.0,-20.0,35.0,-14.0
536,100.6,19.1414,10.9,-7.62,247,45.5,9,6,6.6,138.0,-41.0,30.0,-33.0
537,94.2,18.3458,13.4,-10.69,423,31.5,2,8,7.2,134.0,-53.0,40.0,-34.0
538,116.43,19.6198,13.15,-2.7,281,43.5,2,9,8.43,163.0,-59.0,45.0,-41.0
539,89.1,22.3482,12.645,-5.65,253,55.5,9,8,5.1,102.0,-34.0,40.0,-24.0
540,91.27,19.3136,9.565,-11.65,453,53.5,9,5,6.27,131.0,-39.0,25.0,-32.0
541,124.2,28.8794,18.52,-7.55,390,57.0,15,15,11.7,193.0,-98.5,75.0,-57.0
542,73.04,18.7684,14.19,-4.55,242,62.5,2,8,5.04,90.0,-39.0,40.0,-23.0
543,83.41,16.5942,8.66,-7.69,247,38.5,2,8,7.41,131.0,-58.0,40.0,-37.0
544,83.08,18.9872,12.715,-8.25,272,42.0,9,9,5.58,101.0,-42.5,45.0,-26.0
545,151.36,25.8116,16.89,-6.05,412,62.5,8,15,12.36,220.0,-96.0,75.0,-60.0
546,76.17,19.2434,14.67,-2.23,208,48.5,9,9,5.67,98.0,-45.5,45.0,-27.0
547,208.68,24.047,14.36,-6.61,406,49.0,9,21,12.18,233.0,-86.5,105.0,-55.0
548,112.82,20.76,11.88,-3.05,249,45.0,9,9,7.32,145.0,-49.5,45.0,-35.0
549,92.16,22.0602,15.66,-12.61,272,50.0,2,10,8.16,140.0,-66.0,50.0,-40.0
550,78.5,19.3674,14.58,-10.7,250,68.0,2,5,7.5,140.0,-55.0,25.0,-39.0
551,96.98,21.7716,20.275,-9.47,366,55.0,9,9,10.98,186.0,-90.0,45.0,-55.0
552,73.26,15.7118,10.065,-10.15,272,40.0,2,4,7.26,136.0,-53.0,20.0,-37.0
553,113.27,21.3248,11.72,-6.47,282,39.5,7,11,6.27,123.0,-43.0,55.0,-28.0
554,121.89,17.6204,11.07,-4.78,313,36.5,5,9,9.39,180.0,-66.5,45.0,-46.0
555,78.21,12.0166,10.605,-9.71,257,30.0,9,5,7.71,142.0,-57.5,25.0,-39.0
556,54.67,10.5644,7.655,-12.51,239,34.0,5,4,7.17,122.0,-58.5,20.0,-36.0
557,53.64,10.0198,3.7,-4.76,172,31.0,2,5,4.14,75.0,-31.5,25.0,-19.0
558,79.69,18.3004,14.03,-6.72,187,41.5,2,8,5.19,96.0,-38.5,40.0,-23.0
559,68.17,18.3952,15.81,-7.55,185,54.0,2,6,2.67,60.0,-14.5,30.0,-10.0
560,152.56,20.5176,14.115,-6.05,552,52.5,2,15,16.56,280.0,-136.0,75.0,-83.0
561,90.66,15.7566,12.785,-7.69,372,40.0,9,8,11.16,189.0,-91.5,40.0,-58.0
562,103.83,18.4004,11.65,-5.01,257,42.5,2,12,6.33,112.0,-49.5,60.0,-25.0
563,67.0,17.4424,9.855,-6.05,255,44.0,2,8,6.0,100.0,-50.0,40.0,-29.0
564,126.34,23.557,14.25,-4.55,313,55.0,2,15,8.34,146.0,-66.0,75.0,-37.0
565,121.09,16.765,12.725,-13.62,353,45.5,2,12,10.59,186.0,-83.5,60.0,-52.0
566,127.65,24.2666,12.665,-10.15,283,53.5,9,10,6.15,134.0,-35.5,50.0,-27.0
567,100.55,18.1342,12.495,-4.69,185,45.5,2,10,5.55,107.0,-39.0,50.0,-23.0
568,90.16,16.6092,8.85,-4.69,322,48.0,2,4,9.66,181.0,-70.5,20.0,-50.0
569,56.38,10.24,3.585,-6.35,219,27.0,2,8,5.88,91.0,-52.5,40.0,-28.0
570,68.86,13.294,10.36,-7.55,262,39.0,2,6,7.86,134.0,-64.0,30.0,-39.0
571,98.74,12.9886,7.875,-12.4,358,40.0,2,10,10.74,180.0,-89.0,50.0,-53.0
572,99.45,20.7774,10.935,-6.05,431,50.0,2,7,6.45,131.0,-42.0,35.0,-31.0
573,89.26,16.7964,10.175,-15.61,442,49.5,2,11,13.26,206.0,-118.0,55.0,-67.0
574,78.71,21.01,13.68,-4.83,207,51.5,2,8,6.21,110.0,-48.5,40.0,-29.0
575,78.87,17.1094,13.7,-10.15,205,51.0,2,5,5.37,110.0,-34.5,25.0,-27.0
576,71.69,17.3274,11.5,-4.45,273,48.0,2,3,8.19,152.0,-60.5,15.0,-43.0
577,143.91,17.2652,7.915,-7.55,597,32.5,2,12,17.91,305.0,-146.0,60.0,-93.0
578,84.22,19.9864,11.895,-3.05,302,48.5,2,7,6.72,125.0,-49.5,35.0,-33.0
579,86.19,18.1438,13.62,-11.65,223,47.0,9,3,6.69,140.0,-41.5,15.0,-34.0
580,100.81,24.1608,13.885,-11.65,234,51.0,9,7,5.31,116.0,-30.5,35.0,-25.0
581,66.18,15.0222,9.135,-7.55,183,39.0,2,3,4.68,99.0,-28.5,15.0,-24.0
582,59.79,19.3274,15.635,-9.47,261,51.0,7,4,5.79,107.0,-43.0,20.0,-30.0
583,72.11,20.4466,16.36,-16.71,286,62.5,9,7,4.11,79.0,-29.0,35.0,-17.0
584,107.99,20.2334,13.515,-6.05,344,43.5,2,12,9.99,169.0,-82.0,60.0,-49.0
585,49.49,16.055,10.98,-6.05,148,35.5,2,2,3.99,82.0,-25.5,10.0,-21.0
586,103.53,23.2056,17.35,-3.35,251,53.5,2,7,7.53,149.0,-51.0,35.0,-37.0
587,74.04,18.1116,12.355,-4.66,168,48.0,9,6,5.04,98.0,-35.0,30.0,-24.0
588,124.78,26.5044,18.59,-8.04,384,62.5,5,13,5.28,109.0,-33.5,65.0,-21.0
589,89.29,23.7058,13.82,1.45,293,45.0,2,8,8.79,154.0,-69.5,40.0,-44.0
590,111.05,21.9388,12.565,-2.7,189,40.5,2,10,5.55,114.0,-35.5,50.0,-23.0
591,108.12,19.1924,12.6,-10.15,154,61.5,2,11,4.62,97.0,-28.5,55.0,-20.0
592,111.39,19.9144,11.93,-5.3,277,39.0,2,8,7.89,156.0,-53.5,40.0,-39.0
593,99.73,21.9496,10.935,-4.67,215,34.0,2,9,4.23,92.0,-24.5,45.0,-17.0
594,83.54,20.9094,12.38,-4.55,182,36.5,2,8,3.54,76.0,-21.0,40.0,-15.0
595,86.55,19.9172,12.725,-4.62,235,45.5,5,8,7.05,128.0,-53.5,40.0,-35.0
596,117.46,19.0338,14.47,-5.65,282,37.5,2,10,8.46,160.0,-61.0,50.0,-40.0
597,83.4,12.523,6.63,-7.55,230,27.0,2,9,6.9,119.0,-55.5,45.0,-32.0
598,67.15,19.3866,14.97,-5.79,198,49.0,4,6,4.65,88.0,-33.5,30.0,-22.0
599,124.18,16.0386,10.32,-6.47,348,36.5,2,12,7.68,147.0,-54.5,60.0,-36.0
600,40.14,15.3818,14.58,-1.2,173,42.0,2,4,2.64,49.0,-19.5,20.0,-12.0
